logical_group_id,partition,test_domain,class_index,class_name,support,precision,recall,f1
ablation_channels__all__cnn1d,combined,inner,0,Chat,3985,0.799957528137609,0.945294855708908,0.866574649183345
ablation_channels__all__cnn1d,combined,inner,1,Cloud,5778,0.895607893061744,0.974039460020768,0.933178577350356
ablation_channels__all__cnn1d,combined,inner,2,Collaborative,6632,0.615462868769074,0.912243667068758,0.735026120762969
ablation_channels__all__cnn1d,combined,inner,3,ConnCheck,281,0.785923753665689,0.953736654804271,0.861736334405145
ablation_channels__all__cnn1d,combined,inner,4,Database,327,0.882022471910112,0.960244648318043,0.919472913616398
ablation_channels__all__cnn1d,combined,inner,5,Download,651,0.466346153846154,0.894009216589862,0.612954186413902
ablation_channels__all__cnn1d,combined,inner,6,Email,391,0.809935205183585,0.959079283887468,0.878220140515222
ablation_channels__all__cnn1d,combined,inner,7,Network,84447,0.999259860567281,0.991225265551174,0.995226347234194
ablation_channels__all__cnn1d,combined,inner,8,SocialNetwork,3883,0.973623559539053,0.979139840329642,0.976373908577298
ablation_channels__all__cnn1d,combined,inner,9,SoftwareUpdate,737,0.720418848167539,0.933514246947083,0.813238770685579
ablation_channels__all__cnn1d,combined,inner,10,System,1230,0.900369003690037,0.991869918699187,0.943907156673114
ablation_channels__all__cnn1d,combined,inner,11,Unspecified,5680,0.968788142981691,0.978169014084507,0.973455978975033
ablation_channels__all__cnn1d,combined,inner,12,VoIP,1569,0.706020696142992,0.95666029318037,0.812449255751015
ablation_channels__all__cnn1d,combined,inner,13,Web,110690,0.992376860635325,0.943210768813804,0.967169377848594
ablation_channels__all__cnn1d,combined,outer,0,Chat,3985,0.801023672424824,0.942534504391468,0.866036430712474
ablation_channels__all__cnn1d,combined,outer,1,Cloud,5778,0.879452480945715,0.978539286950502,0.926353731465553
ablation_channels__all__cnn1d,combined,outer,2,Collaborative,6632,0.651309846431798,0.869722557297949,0.744834710743802
ablation_channels__all__cnn1d,combined,outer,3,ConnCheck,281,0.665012406947891,0.953736654804271,0.783625730994152
ablation_channels__all__cnn1d,combined,outer,4,Database,327,0.786967418546366,0.960244648318043,0.865013774104683
ablation_channels__all__cnn1d,combined,outer,5,Download,651,0.476269775187344,0.878648233486943,0.617710583153348
ablation_channels__all__cnn1d,combined,outer,6,Email,391,0.712380952380952,0.956521739130435,0.816593886462882
ablation_channels__all__cnn1d,combined,outer,7,Network,84447,0.999149027974207,0.98716354636636,0.993120126756452
ablation_channels__all__cnn1d,combined,outer,8,SocialNetwork,3883,0.970663265306122,0.979912438835952,0.975265923362809
ablation_channels__all__cnn1d,combined,outer,9,SoftwareUpdate,737,0.714435146443515,0.926729986431479,0.80685174246899
ablation_channels__all__cnn1d,combined,outer,10,System,1230,0.785576303927881,0.991869918699187,0.876751706791232
ablation_channels__all__cnn1d,combined,outer,11,Unspecified,5680,0.96710182767624,0.978169014084507,0.972603938730853
ablation_channels__all__cnn1d,combined,outer,12,VoIP,1569,0.584173778122576,0.959847036328872,0.726308174584037
ablation_channels__all__cnn1d,combined,outer,13,Web,110690,0.991609292282632,0.945948143463728,0.968240684658526
ablation_channels__all__transformer,combined,inner,0,Chat,3985,0.610861983059293,0.922961104140527,0.735158904657206
ablation_channels__all__transformer,combined,inner,1,Cloud,5778,0.843187250996016,0.915714780200761,0.877955695677425
ablation_channels__all__transformer,combined,inner,2,Collaborative,6632,0.411531359004172,0.90726779252111,0.566225944572531
ablation_channels__all__transformer,combined,inner,3,ConnCheck,281,0.54989816700611,0.96085409252669,0.699481865284974
ablation_channels__all__transformer,combined,inner,4,Database,327,0.574817518248175,0.963302752293578,0.72
ablation_channels__all__transformer,combined,inner,5,Download,651,0.472894078398666,0.870967741935484,0.612972972972973
ablation_channels__all__transformer,combined,inner,6,Email,391,0.776617954070981,0.951406649616368,0.855172413793103
ablation_channels__all__transformer,combined,inner,7,Network,84447,0.999012333783002,0.982178170923775,0.990523732467114
ablation_channels__all__transformer,combined,inner,8,SocialNetwork,3883,0.874883286647993,0.96523306721607,0.917840088159667
ablation_channels__all__transformer,combined,inner,9,SoftwareUpdate,737,0.510590015128593,0.915875169606513,0.655658086449733
ablation_channels__all__transformer,combined,inner,10,System,1230,0.862800565770863,0.991869918699187,0.922844175491679
ablation_channels__all__transformer,combined,inner,11,Unspecified,5680,0.942287873582961,0.965845070422535,0.953921057207442
ablation_channels__all__transformer,combined,inner,12,VoIP,1569,0.475326329194524,0.951561504142766,0.633970276008493
ablation_channels__all__transformer,combined,inner,13,Web,110690,0.990977058582548,0.874144005781913,0.928901262420199
ablation_channels__all__transformer,combined,outer,0,Chat,3985,0.653259361997226,0.827352572145546,0.730070859167405
ablation_channels__all__transformer,combined,outer,1,Cloud,5778,0.814909614461686,0.881619937694704,0.846953196441932
ablation_channels__all__transformer,combined,outer,2,Collaborative,6632,0.514792319749216,0.792370325693607,0.624109263657957
ablation_channels__all__transformer,combined,outer,3,ConnCheck,281,0.340673575129534,0.935943060498221,0.499525166191833
ablation_channels__all__transformer,combined,outer,4,Database,327,0.714285714285714,0.963302752293578,0.8203125
ablation_channels__all__transformer,combined,outer,5,Download,651,0.575380359612725,0.639016897081413,0.605531295487627
ablation_channels__all__transformer,combined,outer,6,Email,391,0.46520618556701,0.923273657289003,0.618680377035133
ablation_channels__all__transformer,combined,outer,7,Network,84447,0.998287983098386,0.973604746172155,0.98579187799
ablation_channels__all__transformer,combined,outer,8,SocialNetwork,3883,0.733634755258502,0.961112541849086,0.832107023411371
ablation_channels__all__transformer,combined,outer,9,SoftwareUpdate,737,0.698275862068966,0.659430122116689,0.678297278436846
ablation_channels__all__transformer,combined,outer,10,System,1230,0.801576872536137,0.991869918699187,0.886627906976744
ablation_channels__all__transformer,combined,outer,11,Unspecified,5680,0.911529083942877,0.921478873239437,0.9164769742602
ablation_channels__all__transformer,combined,outer,12,VoIP,1569,0.32172972972973,0.948374760994264,0.480464966096222
ablation_channels__all__transformer,combined,outer,13,Web,110690,0.981446997020543,0.904679736200199,0.941501114130179
ablation_channels__direction__cnn1d,combined,inner,0,Chat,3985,0.423438724849752,0.813299874529486,0.556920697654438
ablation_channels__direction__cnn1d,combined,inner,1,Cloud,5778,0.464328180737218,0.811007268951194,0.59054820415879
ablation_channels__direction__cnn1d,combined,inner,2,Collaborative,6632,0.276737046550968,0.666013268998794,0.391006063825079
ablation_channels__direction__cnn1d,combined,inner,3,ConnCheck,281,0.106924643584521,0.747330960854093,0.187082405345212
ablation_channels__direction__cnn1d,combined,inner,4,Database,327,0.893371757925072,0.948012232415902,0.919881305637982
ablation_channels__direction__cnn1d,combined,inner,5,Download,651,0.165439887837364,0.725038402457757,0.269406392694064
ablation_channels__direction__cnn1d,combined,inner,6,Email,391,0.629834254143646,0.874680306905371,0.732334047109208
ablation_channels__direction__cnn1d,combined,inner,7,Network,84447,0.987855854270251,0.531718119056923,0.691326471697677
ablation_channels__direction__cnn1d,combined,inner,8,SocialNetwork,3883,0.622587199458178,0.946948235900077,0.751251404637859
ablation_channels__direction__cnn1d,combined,inner,9,SoftwareUpdate,737,0.222667638483965,0.829036635006784,0.351048549267452
ablation_channels__direction__cnn1d,combined,inner,10,System,1230,0.0302802614771959,0.982926829268293,0.058750637801589
ablation_channels__direction__cnn1d,combined,inner,11,Unspecified,5680,0.827224229908794,0.846302816901408,0.836654773300844
ablation_channels__direction__cnn1d,combined,inner,12,VoIP,1569,0.162696629213483,0.461440407903123,0.240571523508889
ablation_channels__direction__cnn1d,combined,inner,13,Web,110690,0.980974871329095,0.731809558225675,0.838268698419269
ablation_channels__direction__cnn1d,combined,outer,0,Chat,3985,0.424452889529551,0.812797992471769,0.557679063360882
ablation_channels__direction__cnn1d,combined,outer,1,Cloud,5778,0.46496372130007,0.809622706818969,0.590693856935413
ablation_channels__direction__cnn1d,combined,outer,2,Collaborative,6632,0.276058275495529,0.665711700844391,0.390276243093923
ablation_channels__direction__cnn1d,combined,outer,3,ConnCheck,281,0.106707317073171,0.747330960854093,0.186749666518453
ablation_channels__direction__cnn1d,combined,outer,4,Database,327,0.893371757925072,0.948012232415902,0.919881305637982
ablation_channels__direction__cnn1d,combined,outer,5,Download,651,0.164570230607966,0.723502304147465,0.268146883005978
ablation_channels__direction__cnn1d,combined,outer,6,Email,391,0.628205128205128,0.877237851662404,0.732123799359658
ablation_channels__direction__cnn1d,combined,outer,7,Network,84447,0.987856922873862,0.531765486044501,0.691366768022786
ablation_channels__direction__cnn1d,combined,outer,8,SocialNetwork,3883,0.62672575421851,0.946948235900077,0.75425641025641
ablation_channels__direction__cnn1d,combined,outer,9,SoftwareUpdate,737,0.224340175953079,0.830393487109905,0.353246753246753
ablation_channels__direction__cnn1d,combined,outer,10,System,1230,0.0302802614771959,0.982926829268293,0.058750637801589
ablation_channels__direction__cnn1d,combined,outer,11,Unspecified,5680,0.825713303540736,0.845774647887324,0.835623586710732
ablation_channels__direction__cnn1d,combined,outer,12,VoIP,1569,0.162999550965424,0.462715105162524,0.241075875809397
ablation_channels__direction__cnn1d,combined,outer,13,Web,110690,0.980852325679912,0.732125756617581,0.838431336033645
ablation_channels__direction__transformer,combined,inner,0,Chat,3985,0.36072094468614,0.72823086574655,0.482460515378221
ablation_channels__direction__transformer,combined,inner,1,Cloud,5778,0.346574970590897,0.662859120803046,0.455166676570206
ablation_channels__direction__transformer,combined,inner,2,Collaborative,6632,0.175724820688958,0.524577804583836,0.26326144532728
ablation_channels__direction__transformer,combined,inner,3,ConnCheck,281,0.0366765166000348,0.750889679715303,0.0699370235333112
ablation_channels__direction__transformer,combined,inner,4,Database,327,0.704545454545455,0.948012232415902,0.808344198174707
ablation_channels__direction__transformer,combined,inner,5,Download,651,0.0543426672994779,0.703533026113671,0.100892168741051
ablation_channels__direction__transformer,combined,inner,6,Email,391,0.415384615384615,0.828644501278772,0.553373185311699
ablation_channels__direction__transformer,combined,inner,7,Network,84447,0.983970461429614,0.527005103792912,0.686387612202721
ablation_channels__direction__transformer,combined,inner,8,SocialNetwork,3883,0.514640638864241,0.896214267319083,0.653828088304368
ablation_channels__direction__transformer,combined,inner,9,SoftwareUpdate,737,0.0715147129763628,0.804613297150611,0.131354524310555
ablation_channels__direction__transformer,combined,inner,10,System,1230,0.0302931677640638,0.983739837398374,0.0587763825808175
ablation_channels__direction__transformer,combined,inner,11,Unspecified,5680,0.757070004636069,0.8625,0.806353386552547
ablation_channels__direction__transformer,combined,inner,12,VoIP,1569,0.128714819917339,0.416826003824092,0.196691729323308
ablation_channels__direction__transformer,combined,inner,13,Web,110690,0.972129949508371,0.528774053663384,0.684969982094583
ablation_channels__direction__transformer,combined,outer,0,Chat,3985,0.360745341614907,0.728732747804266,0.482592438720399
ablation_channels__direction__transformer,combined,outer,1,Cloud,5778,0.347388465723613,0.663032191069574,0.455908604069975
ablation_channels__direction__transformer,combined,outer,2,Collaborative,6632,0.175721433264264,0.524276236429433,0.263219652522806
ablation_channels__direction__transformer,combined,outer,3,ConnCheck,281,0.0367020351365455,0.750889679715303,0.069983416252073
ablation_channels__direction__transformer,combined,outer,4,Database,327,0.704545454545455,0.948012232415902,0.808344198174707
ablation_channels__direction__transformer,combined,outer,5,Download,651,0.0545670225385528,0.706605222734255,0.10131042836692
ablation_channels__direction__transformer,combined,outer,6,Email,391,0.419480519480519,0.826086956521739,0.556416881998277
ablation_channels__direction__transformer,combined,outer,7,Network,84447,0.983953318745441,0.52715904650254,0.686513994910941
ablation_channels__direction__transformer,combined,outer,8,SocialNetwork,3883,0.516877323420074,0.895184135977337,0.655354449472097
ablation_channels__direction__transformer,combined,outer,9,SoftwareUpdate,737,0.0721498965810926,0.804613297150611,0.132425189816883
ablation_channels__direction__transformer,combined,outer,10,System,1230,0.0302931677640638,0.983739837398374,0.0587763825808175
ablation_channels__direction__transformer,combined,outer,11,Unspecified,5680,0.758284298544441,0.862147887323944,0.8068874608667
ablation_channels__direction__transformer,combined,outer,12,VoIP,1569,0.128677912907022,0.418100701083493,0.196790160491975
ablation_channels__direction__transformer,combined,outer,13,Web,110690,0.971926219320197,0.529831059716325,0.685805497249037
ablation_channels__direction_size__cnn1d,combined,inner,0,Chat,3985,0.73508260447036,0.949058971141782,0.828477546549836
ablation_channels__direction_size__cnn1d,combined,inner,1,Cloud,5778,0.860154709540422,0.981481481481482,0.916821598900655
ablation_channels__direction_size__cnn1d,combined,inner,2,Collaborative,6632,0.587658592848904,0.92189384800965,0.717774125381545
ablation_channels__direction_size__cnn1d,combined,inner,3,ConnCheck,281,0.904109589041096,0.939501779359431,0.921465968586387
ablation_channels__direction_size__cnn1d,combined,inner,4,Database,327,0.891737891737892,0.957186544342508,0.92330383480826
ablation_channels__direction_size__cnn1d,combined,inner,5,Download,651,0.689173457508731,0.90937019969278,0.784105960264901
ablation_channels__direction_size__cnn1d,combined,inner,6,Email,391,0.740234375,0.969309462915601,0.839424141749723
ablation_channels__direction_size__cnn1d,combined,inner,7,Network,84447,0.999189743100901,0.993001527585349,0.996086024315351
ablation_channels__direction_size__cnn1d,combined,inner,8,SocialNetwork,3883,0.953257086026852,0.987380891063611,0.970018975332068
ablation_channels__direction_size__cnn1d,combined,inner,9,SoftwareUpdate,737,0.769230769230769,0.922659430122117,0.838988278840222
ablation_channels__direction_size__cnn1d,combined,inner,10,System,1230,0.933689024390244,0.995934959349594,0.963808025177026
ablation_channels__direction_size__cnn1d,combined,inner,11,Unspecified,5680,0.96362376580634,0.979401408450704,0.971448528769755
ablation_channels__direction_size__cnn1d,combined,inner,12,VoIP,1569,0.607428115015974,0.969407265774379,0.746869629265897
ablation_channels__direction_size__cnn1d,combined,inner,13,Web,110690,0.994252984398203,0.931520462553076,0.961864960167167
ablation_channels__direction_size__cnn1d,combined,outer,0,Chat,3985,0.704366640440598,0.89861982434128,0.789723232991509
ablation_channels__direction_size__cnn1d,combined,outer,1,Cloud,5778,0.775944361107323,0.984769816545517,0.867973457402181
ablation_channels__direction_size__cnn1d,combined,outer,2,Collaborative,6632,0.678666666666667,0.844240048250905,0.752452627335036
ablation_channels__direction_size__cnn1d,combined,outer,3,ConnCheck,281,0.46140350877193,0.935943060498221,0.618096357226792
ablation_channels__direction_size__cnn1d,combined,outer,4,Database,327,0.886685552407932,0.957186544342508,0.920588235294118
ablation_channels__direction_size__cnn1d,combined,outer,5,Download,651,0.785582255083179,0.65284178187404,0.713087248322148
ablation_channels__direction_size__cnn1d,combined,outer,6,Email,391,0.753479125248509,0.969309462915601,0.847874720357942
ablation_channels__direction_size__cnn1d,combined,outer,7,Network,84447,0.999186544488839,0.989093751110164,0.994114531572652
ablation_channels__direction_size__cnn1d,combined,outer,8,SocialNetwork,3883,0.931336742147553,0.985063095544682,0.957446808510638
ablation_channels__direction_size__cnn1d,combined,outer,9,SoftwareUpdate,737,0.790159189580318,0.740841248303935,0.764705882352941
ablation_channels__direction_size__cnn1d,combined,outer,10,System,1230,0.851388888888889,0.996747967479675,0.918352059925094
ablation_channels__direction_size__cnn1d,combined,outer,11,Unspecified,5680,0.929754139488209,0.978697183098592,0.953598078737456
ablation_channels__direction_size__cnn1d,combined,outer,12,VoIP,1569,0.448479480366106,0.968132568514978,0.612994350282486
ablation_channels__direction_size__cnn1d,combined,outer,13,Web,110690,0.99054083811238,0.934691480711898,0.961806088156959
ablation_channels__direction_size__transformer,combined,inner,0,Chat,3985,0.648118134341797,0.903136762860728,0.754665548332984
ablation_channels__direction_size__transformer,combined,inner,1,Cloud,5778,0.760625444207534,0.926098996192454,0.835245453835948
ablation_channels__direction_size__transformer,combined,inner,2,Collaborative,6632,0.421551472732575,0.87183353437877,0.568311381954
ablation_channels__direction_size__transformer,combined,inner,3,ConnCheck,281,0.76123595505618,0.9644128113879,0.850863422291994
ablation_channels__direction_size__transformer,combined,inner,4,Database,327,0.494470774091627,0.957186544342508,0.652083333333333
ablation_channels__direction_size__transformer,combined,inner,5,Download,651,0.513250883392226,0.89247311827957,0.651710600112171
ablation_channels__direction_size__transformer,combined,inner,6,Email,391,0.700374531835206,0.956521739130435,0.808648648648649
ablation_channels__direction_size__transformer,combined,inner,7,Network,84447,0.999197324414716,0.97290608310538,0.985876451953537
ablation_channels__direction_size__transformer,combined,inner,8,SocialNetwork,3883,0.852295860665008,0.9703837239248,0.907514450867052
ablation_channels__direction_size__transformer,combined,inner,9,SoftwareUpdate,737,0.467935165609584,0.900949796472185,0.61595547309833
ablation_channels__direction_size__transformer,combined,inner,10,System,1230,0.908284023668639,0.998373983739837,0.951200619674671
ablation_channels__direction_size__transformer,combined,inner,11,Unspecified,5680,0.933378424078458,0.971830985915493,0.952216663791616
ablation_channels__direction_size__transformer,combined,inner,12,VoIP,1569,0.391135303265941,0.961759082217973,0.556108347153123
ablation_channels__direction_size__transformer,combined,inner,13,Web,110690,0.991226193023753,0.878778570783269,0.931621516786944
ablation_channels__direction_size__transformer,combined,outer,0,Chat,3985,0.58201189296333,0.589460476787955,0.585712504675228
ablation_channels__direction_size__transformer,combined,outer,1,Cloud,5778,0.686165788744109,0.856697819314642,0.762007389162562
ablation_channels__direction_size__transformer,combined,outer,2,Collaborative,6632,0.596306068601583,0.613389626055489,0.604727218671027
ablation_channels__direction_size__transformer,combined,outer,3,ConnCheck,281,0.264501160092807,0.811387900355872,0.398950131233596
ablation_channels__direction_size__transformer,combined,outer,4,Database,327,0.618577075098814,0.957186544342508,0.751500600240096
ablation_channels__direction_size__transformer,combined,outer,5,Download,651,0.5625,0.483870967741935,0.520231213872832
ablation_channels__direction_size__transformer,combined,outer,6,Email,391,0.324468085106383,0.936061381074169,0.481895984200132
ablation_channels__direction_size__transformer,combined,outer,7,Network,84447,0.998070453196121,0.955534240411145,0.976339272210291
ablation_channels__direction_size__transformer,combined,outer,8,SocialNetwork,3883,0.739685070759418,0.955704352304919,0.833932584269663
ablation_channels__direction_size__transformer,combined,outer,9,SoftwareUpdate,737,0.369385884509624,0.546811397557666,0.440919037199125
ablation_channels__direction_size__transformer,combined,outer,10,System,1230,0.713953488372093,0.998373983739837,0.832542372881356
ablation_channels__direction_size__transformer,combined,outer,11,Unspecified,5680,0.762513904338153,0.965492957746479,0.85208203853325
ablation_channels__direction_size__transformer,combined,outer,12,VoIP,1569,0.253585974853905,0.912683237731039,0.39689578713969
ablation_channels__direction_size__transformer,combined,outer,13,Web,110690,0.976186340917424,0.913994037401753,0.944067037437946
ablation_channels__direction_timing__cnn1d,combined,inner,0,Chat,3985,0.681374321880651,0.945545796737767,0.792012611665791
ablation_channels__direction_timing__cnn1d,combined,inner,1,Cloud,5778,0.822305953278071,0.944271374177916,0.879078385563522
ablation_channels__direction_timing__cnn1d,combined,inner,2,Collaborative,6632,0.432129514321295,0.784831121833534,0.557370027306313
ablation_channels__direction_timing__cnn1d,combined,inner,3,ConnCheck,281,0.482041587901701,0.907473309608541,0.62962962962963
ablation_channels__direction_timing__cnn1d,combined,inner,4,Database,327,0.95679012345679,0.948012232415902,0.952380952380952
ablation_channels__direction_timing__cnn1d,combined,inner,5,Download,651,0.565531475748194,0.841781874039939,0.676543209876543
ablation_channels__direction_timing__cnn1d,combined,inner,6,Email,391,0.73046875,0.956521739130435,0.828349944629014
ablation_channels__direction_timing__cnn1d,combined,inner,7,Network,84447,0.997057320088971,0.8546188733762,0.920359625071734
ablation_channels__direction_timing__cnn1d,combined,inner,8,SocialNetwork,3883,0.898192197906755,0.972443986608293,0.93384444169655
ablation_channels__direction_timing__cnn1d,combined,inner,9,SoftwareUpdate,737,0.61317254174397,0.896879240162822,0.728374655647383
ablation_channels__direction_timing__cnn1d,combined,inner,10,System,1230,0.0799550340757395,0.92520325203252,0.147190066610619
ablation_channels__direction_timing__cnn1d,combined,inner,11,Unspecified,5680,0.858819745939862,0.940316901408451,0.897722497688881
ablation_channels__direction_timing__cnn1d,combined,inner,12,VoIP,1569,0.566265060240964,0.688973868706182,0.621621621621622
ablation_channels__direction_timing__cnn1d,combined,inner,13,Web,110690,0.991385102947518,0.893052669617852,0.939653328643875
ablation_channels__direction_timing__cnn1d,combined,outer,0,Chat,3985,0.691698877231732,0.943036386449184,0.798046294330006
ablation_channels__direction_timing__cnn1d,combined,outer,1,Cloud,5778,0.820358379762084,0.942886812045691,0.87736532732104
ablation_channels__direction_timing__cnn1d,combined,outer,2,Collaborative,6632,0.427484662576687,0.787997587454765,0.554276926340351
ablation_channels__direction_timing__cnn1d,combined,outer,3,ConnCheck,281,0.468978102189781,0.914590747330961,0.620024125452352
ablation_channels__direction_timing__cnn1d,combined,outer,4,Database,327,0.95679012345679,0.948012232415902,0.952380952380952
ablation_channels__direction_timing__cnn1d,combined,outer,5,Download,651,0.559426229508197,0.838709677419355,0.671173939766441
ablation_channels__direction_timing__cnn1d,combined,outer,6,Email,391,0.727095516569201,0.953964194373402,0.825221238938053
ablation_channels__direction_timing__cnn1d,combined,outer,7,Network,84447,0.996842076231452,0.856004357762857,0.921070570771456
ablation_channels__direction_timing__cnn1d,combined,outer,8,SocialNetwork,3883,0.885399578157956,0.972959052279166,0.927116564417178
ablation_channels__direction_timing__cnn1d,combined,outer,9,SoftwareUpdate,737,0.608133086876155,0.89280868385346,0.723474436503573
ablation_channels__direction_timing__cnn1d,combined,outer,10,System,1230,0.0802469135802469,0.919512195121951,0.147611589663273
ablation_channels__direction_timing__cnn1d,combined,outer,11,Unspecified,5680,0.860041874698019,0.940140845070423,0.898309361594751
ablation_channels__direction_timing__cnn1d,combined,outer,12,VoIP,1569,0.566492146596859,0.689611217335883,0.622017821212992
ablation_channels__direction_timing__cnn1d,combined,outer,13,Web,110690,0.991400701204505,0.891562020056012,0.938834531210609
ablation_channels__direction_timing__transformer,combined,inner,0,Chat,3985,0.454251744636857,0.882057716436637,0.59967585089141
ablation_channels__direction_timing__transformer,combined,inner,1,Cloud,5778,0.670150228608752,0.88785046728972,0.763790664780764
ablation_channels__direction_timing__transformer,combined,inner,2,Collaborative,6632,0.27979274611399,0.708383594692401,0.401144174529309
ablation_channels__direction_timing__transformer,combined,inner,3,ConnCheck,281,0.217813051146384,0.879003558718861,0.349116607773852
ablation_channels__direction_timing__transformer,combined,inner,4,Database,327,0.769230769230769,0.948012232415902,0.849315068493151
ablation_channels__direction_timing__transformer,combined,inner,5,Download,651,0.110712148414123,0.852534562211982,0.195974576271186
ablation_channels__direction_timing__transformer,combined,inner,6,Email,391,0.657657657657658,0.933503836317136,0.771670190274841
ablation_channels__direction_timing__transformer,combined,inner,7,Network,84447,0.996838941966944,0.832747166862056,0.907434529301323
ablation_channels__direction_timing__transformer,combined,inner,8,SocialNetwork,3883,0.616839638433211,0.949008498583569,0.747691995536167
ablation_channels__direction_timing__transformer,combined,inner,9,SoftwareUpdate,737,0.252768232149675,0.898236092265943,0.394517282479142
ablation_channels__direction_timing__transformer,combined,inner,10,System,1230,0.0725862836077036,0.928455284552846,0.13464599422272
ablation_channels__direction_timing__transformer,combined,inner,11,Unspecified,5680,0.825449385052034,0.921654929577465,0.870903343869572
ablation_channels__direction_timing__transformer,combined,inner,12,VoIP,1569,0.354642857142857,0.632887189292543,0.454566262302586
ablation_channels__direction_timing__transformer,combined,inner,13,Web,110690,0.988707850273566,0.741178064865842,0.847233409752773
ablation_channels__direction_timing__transformer,combined,outer,0,Chat,3985,0.447941888619855,0.882057716436637,0.594151453684922
ablation_channels__direction_timing__transformer,combined,outer,1,Cloud,5778,0.686528497409326,0.87140879196954,0.767998779743746
ablation_channels__direction_timing__transformer,combined,outer,2,Collaborative,6632,0.276298890834793,0.713661037394451,0.398367140813063
ablation_channels__direction_timing__transformer,combined,outer,3,ConnCheck,281,0.200328407224959,0.868327402135231,0.325550366911274
ablation_channels__direction_timing__transformer,combined,outer,4,Database,327,0.769230769230769,0.948012232415902,0.849315068493151
ablation_channels__direction_timing__transformer,combined,outer,5,Download,651,0.11061678463094,0.840245775729647,0.195496783416726
ablation_channels__direction_timing__transformer,combined,outer,6,Email,391,0.652951699463327,0.933503836317136,0.768421052631579
ablation_channels__direction_timing__transformer,combined,outer,7,Network,84447,0.996729051709426,0.829940672848059,0.905720359517456
ablation_channels__direction_timing__transformer,combined,outer,8,SocialNetwork,3883,0.553477935676889,0.952871491115117,0.700227100681302
ablation_channels__direction_timing__transformer,combined,outer,9,SoftwareUpdate,737,0.267446551028641,0.899592944369064,0.412313432835821
ablation_channels__direction_timing__transformer,combined,outer,10,System,1230,0.0724748928548583,0.921138211382114,0.134377038486628
ablation_channels__direction_timing__transformer,combined,outer,11,Unspecified,5680,0.82818685669042,0.920774647887324,0.872030012505211
ablation_channels__direction_timing__transformer,combined,outer,12,VoIP,1569,0.344552394170715,0.632887189292543,0.446191866996181
ablation_channels__direction_timing__transformer,combined,outer,13,Web,110690,0.988513963772945,0.737076520010841,0.844476646396688
ablation_channels__size_timing__cnn1d,combined,inner,0,Chat,3985,0.80802718199193,0.954830614805521,0.875316310098919
ablation_channels__size_timing__cnn1d,combined,inner,1,Cloud,5778,0.888417413169888,0.978366216683974,0.931224775553908
ablation_channels__size_timing__cnn1d,combined,inner,2,Collaborative,6632,0.574180938198064,0.93018697225573,0.71005985267035
ablation_channels__size_timing__cnn1d,combined,inner,3,ConnCheck,281,0.728260869565217,0.953736654804271,0.825885978428351
ablation_channels__size_timing__cnn1d,combined,inner,4,Database,327,0.875346260387812,0.966360856269113,0.918604651162791
ablation_channels__size_timing__cnn1d,combined,inner,5,Download,651,0.618239660657476,0.895545314900154,0.731493099121706
ablation_channels__size_timing__cnn1d,combined,inner,6,Email,391,0.784232365145228,0.966751918158568,0.865979381443299
ablation_channels__size_timing__cnn1d,combined,inner,7,Network,84447,0.999331758191929,0.991698935426954,0.995500716200393
ablation_channels__size_timing__cnn1d,combined,inner,8,SocialNetwork,3883,0.961490057890763,0.983775431367499,0.972505091649694
ablation_channels__size_timing__cnn1d,combined,inner,9,SoftwareUpdate,737,0.805882352941176,0.92944369063772,0.863264020163831
ablation_channels__size_timing__cnn1d,combined,inner,10,System,1230,0.927272727272727,0.995121951219512,0.96
ablation_channels__size_timing__cnn1d,combined,inner,11,Unspecified,5680,0.965373238211241,0.976760563380282,0.971033517108602
ablation_channels__size_timing__cnn1d,combined,inner,12,VoIP,1569,0.717043314500942,0.97068196303378,0.824803682642838
ablation_channels__size_timing__cnn1d,combined,inner,13,Web,110690,0.993846595530887,0.938223868461469,0.965234565606339
ablation_channels__size_timing__cnn1d,combined,outer,0,Chat,3985,0.790794979079498,0.948557089084065,0.862521391899601
ablation_channels__size_timing__cnn1d,combined,outer,1,Cloud,5778,0.859040144883791,0.985115957078574,0.91776846178652
ablation_channels__size_timing__cnn1d,combined,outer,2,Collaborative,6632,0.644014352506252,0.893094089264174,0.748373238991724
ablation_channels__size_timing__cnn1d,combined,outer,3,ConnCheck,281,0.595078299776286,0.94661921708185,0.730769230769231
ablation_channels__size_timing__cnn1d,combined,outer,4,Database,327,0.908045977011494,0.966360856269113,0.936296296296296
ablation_channels__size_timing__cnn1d,combined,outer,5,Download,651,0.698992443324937,0.852534562211982,0.768166089965398
ablation_channels__size_timing__cnn1d,combined,outer,6,Email,391,0.805555555555556,0.964194373401535,0.877764842840512
ablation_channels__size_timing__cnn1d,combined,outer,7,Network,84447,0.999292353823088,0.986606984262318,0.992909153746231
ablation_channels__size_timing__cnn1d,combined,outer,8,SocialNetwork,3883,0.949950199203187,0.982487767190317,0.965945056336245
ablation_channels__size_timing__cnn1d,combined,outer,9,SoftwareUpdate,737,0.809638554216867,0.911804613297151,0.857689853222719
ablation_channels__size_timing__cnn1d,combined,outer,10,System,1230,0.850590687977762,0.995121951219512,0.917197452229299
ablation_channels__size_timing__cnn1d,combined,outer,11,Unspecified,5680,0.95922598479613,0.977464788732394,0.968259504708755
ablation_channels__size_timing__cnn1d,combined,outer,12,VoIP,1569,0.575906344410876,0.97195666029318,0.723262983163386
ablation_channels__size_timing__cnn1d,combined,outer,13,Web,110690,0.9924188580905,0.946110759779565,0.968711699003307
ablation_channels__size_timing__transformer,combined,inner,0,Chat,3985,0.664687893506026,0.927227101631117,0.77430846605197
ablation_channels__size_timing__transformer,combined,inner,1,Cloud,5778,0.845615103532278,0.961232260297681,0.899724607160214
ablation_channels__size_timing__transformer,combined,inner,2,Collaborative,6632,0.462164423150049,0.916314837153197,0.614427986451646
ablation_channels__size_timing__transformer,combined,inner,3,ConnCheck,281,0.73224043715847,0.953736654804271,0.828438948995363
ablation_channels__size_timing__transformer,combined,inner,4,Database,327,0.904624277456647,0.957186544342508,0.930163447251114
ablation_channels__size_timing__transformer,combined,inner,5,Download,651,0.464006259780908,0.910906298003072,0.614826334888543
ablation_channels__size_timing__transformer,combined,inner,6,Email,391,0.782426778242678,0.956521739130435,0.860759493670886
ablation_channels__size_timing__transformer,combined,inner,7,Network,84447,0.99935235490951,0.986713559984369,0.992992742483286
ablation_channels__size_timing__transformer,combined,inner,8,SocialNetwork,3883,0.860402078156765,0.980942570177698,0.916726835138387
ablation_channels__size_timing__transformer,combined,inner,9,SoftwareUpdate,737,0.61524500907441,0.919945725915875,0.737357259380098
ablation_channels__size_timing__transformer,combined,inner,10,System,1230,0.889290882778582,0.999186991869919,0.94104134762634
ablation_channels__size_timing__transformer,combined,inner,11,Unspecified,5680,0.938578680203046,0.976584507042254,0.957204486626402
ablation_channels__size_timing__transformer,combined,inner,12,VoIP,1569,0.56004447739066,0.963033779477374,0.708225919850012
ablation_channels__size_timing__transformer,combined,inner,13,Web,110690,0.993275725368581,0.894109675670792,0.941087534291515
ablation_channels__size_timing__transformer,combined,outer,0,Chat,3985,0.666064257028112,0.83237139272271,0.739988845510318
ablation_channels__size_timing__transformer,combined,outer,1,Cloud,5778,0.744230247081184,0.94877120110765,0.834144856968959
ablation_channels__size_timing__transformer,combined,outer,2,Collaborative,6632,0.638058252427185,0.743214716525935,0.68663369784774
ablation_channels__size_timing__transformer,combined,outer,3,ConnCheck,281,0.449557522123894,0.903914590747331,0.600472813238771
ablation_channels__size_timing__transformer,combined,outer,4,Database,327,0.884180790960452,0.957186544342508,0.919236417033774
ablation_channels__size_timing__transformer,combined,outer,5,Download,651,0.63677811550152,0.643625192012289,0.640183346065699
ablation_channels__size_timing__transformer,combined,outer,6,Email,391,0.326530612244898,0.941176470588235,0.484848484848485
ablation_channels__size_timing__transformer,combined,outer,7,Network,84447,0.998837392367965,0.976671758617831,0.987630223925278
ablation_channels__size_timing__transformer,combined,outer,8,SocialNetwork,3883,0.812151137827394,0.974246716456348,0.885844748858447
ablation_channels__size_timing__transformer,combined,outer,9,SoftwareUpdate,737,0.764492753623188,0.572591587516961,0.654771140418929
ablation_channels__size_timing__transformer,combined,outer,10,System,1230,0.710815500289184,0.999186991869919,0.830686042581953
ablation_channels__size_timing__transformer,combined,outer,11,Unspecified,5680,0.891891891891892,0.894718309859155,0.893302865178415
ablation_channels__size_timing__transformer,combined,outer,12,VoIP,1569,0.376440460947503,0.936902485659656,0.537084398976982
ablation_channels__size_timing__transformer,combined,outer,13,Web,110690,0.983111570920865,0.927165958984551,0.954319535430838
ablation_prefix__n010__cnn1d,combined,inner,0,Chat,3985,0.743029087261785,0.929485570890841,0.825863991081382
ablation_prefix__n010__cnn1d,combined,inner,1,Cloud,5778,0.828397873955961,0.944098303911388,0.882471891935614
ablation_prefix__n010__cnn1d,combined,inner,2,Collaborative,6632,0.464201352121854,0.859318455971049,0.602781744143001
ablation_prefix__n010__cnn1d,combined,inner,3,ConnCheck,281,0.45362563237774,0.95729537366548,0.615560640732265
ablation_prefix__n010__cnn1d,combined,inner,4,Database,327,0.871508379888268,0.954128440366973,0.910948905109489
ablation_prefix__n010__cnn1d,combined,inner,5,Download,651,0.486910994764398,0.857142857142857,0.621035058430718
ablation_prefix__n010__cnn1d,combined,inner,6,Email,391,0.6875,0.956521739130435,0.8
ablation_prefix__n010__cnn1d,combined,inner,7,Network,84447,0.999307917188712,0.991710777173849,0.995494852958657
ablation_prefix__n010__cnn1d,combined,inner,8,SocialNetwork,3883,0.875259395895781,0.977594643317023,0.92360097323601
ablation_prefix__n010__cnn1d,combined,inner,9,SoftwareUpdate,737,0.43150231634679,0.884667571234735,0.580071174377224
ablation_prefix__n010__cnn1d,combined,inner,10,System,1230,0.903874813710879,0.986178861788618,0.943234836702955
ablation_prefix__n010__cnn1d,combined,inner,11,Unspecified,5680,0.964621819449285,0.974471830985915,0.969521807672097
ablation_prefix__n010__cnn1d,combined,inner,12,VoIP,1569,0.68278355173972,0.963033779477374,0.799048122686409
ablation_prefix__n010__cnn1d,combined,inner,13,Web,110690,0.991561474312572,0.903387839913271,0.945423259287973
ablation_prefix__n010__cnn1d,combined,outer,0,Chat,3985,0.736230723012217,0.922459222082811,0.818890621519269
ablation_prefix__n010__cnn1d,combined,outer,1,Cloud,5778,0.741351568785197,0.956905503634476,0.835448776065277
ablation_prefix__n010__cnn1d,combined,outer,2,Collaborative,6632,0.536323639875523,0.753618817852835,0.626669174346436
ablation_prefix__n010__cnn1d,combined,outer,3,ConnCheck,281,0.40763358778626,0.950177935943061,0.57051282051282
ablation_prefix__n010__cnn1d,combined,outer,4,Database,327,0.904347826086957,0.954128440366973,0.928571428571429
ablation_prefix__n010__cnn1d,combined,outer,5,Download,651,0.545454545454545,0.80184331797235,0.649253731343284
ablation_prefix__n010__cnn1d,combined,outer,6,Email,391,0.703007518796993,0.956521739130435,0.810400866738895
ablation_prefix__n010__cnn1d,combined,outer,7,Network,84447,0.999317160826595,0.987814842445558,0.993532711616107
ablation_prefix__n010__cnn1d,combined,outer,8,SocialNetwork,3883,0.852842057964502,0.977594643317023,0.91096712263019
ablation_prefix__n010__cnn1d,combined,outer,9,SoftwareUpdate,737,0.442766295707472,0.755766621438263,0.558395989974937
ablation_prefix__n010__cnn1d,combined,outer,10,System,1230,0.845885634588563,0.986178861788618,0.910660660660661
ablation_prefix__n010__cnn1d,combined,outer,11,Unspecified,5680,0.963576158940397,0.973415492957746,0.968470835522859
ablation_prefix__n010__cnn1d,combined,outer,12,VoIP,1569,0.579510703363914,0.966220522625876,0.724492234169653
ablation_prefix__n010__cnn1d,combined,outer,13,Web,110690,0.989131489568171,0.920860059625982,0.953775615233461
ablation_prefix__n010__transformer,combined,inner,0,Chat,3985,0.609632873021219,0.90840652446675,0.729618059054721
ablation_prefix__n010__transformer,combined,inner,1,Cloud,5778,0.82076199290452,0.920906888196608,0.867955305440013
ablation_prefix__n010__transformer,combined,inner,2,Collaborative,6632,0.407104795737123,0.863992762364294,0.55343603612305
ablation_prefix__n010__transformer,combined,inner,3,ConnCheck,281,0.613953488372093,0.939501779359431,0.742616033755274
ablation_prefix__n010__transformer,combined,inner,4,Database,327,0.690265486725664,0.954128440366973,0.801026957637997
ablation_prefix__n010__transformer,combined,inner,5,Download,651,0.366602687140115,0.880184331797235,0.517615176151762
ablation_prefix__n010__transformer,combined,inner,6,Email,391,0.429545454545455,0.966751918158568,0.594807238394965
ablation_prefix__n010__transformer,combined,inner,7,Network,84447,0.999253794215702,0.983161035916018,0.99114209652966
ablation_prefix__n010__transformer,combined,inner,8,SocialNetwork,3883,0.830583058305831,0.972186453772856,0.895823445657333
ablation_prefix__n010__transformer,combined,inner,9,SoftwareUpdate,737,0.415455746367239,0.853459972862958,0.558862727676588
ablation_prefix__n010__transformer,combined,inner,10,System,1230,0.883201153568854,0.995934959349594,0.936186473060757
ablation_prefix__n010__transformer,combined,inner,11,Unspecified,5680,0.940965092402464,0.968133802816901,0.954356126345019
ablation_prefix__n010__transformer,combined,inner,12,VoIP,1569,0.538570920725204,0.965583173996176,0.69146508443633
ablation_prefix__n010__transformer,combined,inner,13,Web,110690,0.992289503444022,0.871984822477189,0.928255433737257
ablation_prefix__n010__transformer,combined,outer,0,Chat,3985,0.646609538002981,0.871016311166876,0.742221747033038
ablation_prefix__n010__transformer,combined,outer,1,Cloud,5778,0.765576894883448,0.903772931810315,0.828954678942773
ablation_prefix__n010__transformer,combined,outer,2,Collaborative,6632,0.571463090491724,0.713208685162847,0.634516064122342
ablation_prefix__n010__transformer,combined,outer,3,ConnCheck,281,0.324561403508772,0.921708185053381,0.480074142724745
ablation_prefix__n010__transformer,combined,outer,4,Database,327,0.702702702702703,0.954128440366973,0.809338521400778
ablation_prefix__n010__transformer,combined,outer,5,Download,651,0.532967032967033,0.596006144393241,0.562726613488035
ablation_prefix__n010__transformer,combined,outer,6,Email,391,0.253094910591472,0.941176470588235,0.398915989159892
ablation_prefix__n010__transformer,combined,outer,7,Network,84447,0.998590145603928,0.972941608346063,0.985599040335882
ablation_prefix__n010__transformer,combined,outer,8,SocialNetwork,3883,0.815612089584692,0.96600566572238,0.884461211978307
ablation_prefix__n010__transformer,combined,outer,9,SoftwareUpdate,737,0.289080911233307,0.49932157394844,0.366169154228856
ablation_prefix__n010__transformer,combined,outer,10,System,1230,0.777142857142857,0.995121951219512,0.872727272727273
ablation_prefix__n010__transformer,combined,outer,11,Unspecified,5680,0.888268156424581,0.895774647887324,0.892005610098177
ablation_prefix__n010__transformer,combined,outer,12,VoIP,1569,0.393545028630921,0.963671128107075,0.558861578266494
ablation_prefix__n010__transformer,combined,outer,13,Web,110690,0.98504306665632,0.917463185472942,0.950052856594913
ablation_prefix__n020__cnn1d,combined,inner,0,Chat,3985,0.829986905281536,0.954328732747804,0.887825376444496
ablation_prefix__n020__cnn1d,combined,inner,1,Cloud,5778,0.879120879120879,0.983039113880235,0.928180406895988
ablation_prefix__n020__cnn1d,combined,inner,2,Collaborative,6632,0.550536871062206,0.93546441495778,0.693145634322105
ablation_prefix__n020__cnn1d,combined,inner,3,ConnCheck,281,0.741046831955923,0.95729537366548,0.835403726708075
ablation_prefix__n020__cnn1d,combined,inner,4,Database,327,0.877777777777778,0.966360856269113,0.919941775836972
ablation_prefix__n020__cnn1d,combined,inner,5,Download,651,0.639956092206367,0.895545314900154,0.746478873239437
ablation_prefix__n020__cnn1d,combined,inner,6,Email,391,0.776859504132231,0.961636828644501,0.859428571428571
ablation_prefix__n020__cnn1d,combined,inner,7,Network,84447,0.999464151752224,0.993925183843121,0.996686972320188
ablation_prefix__n020__cnn1d,combined,inner,8,SocialNetwork,3883,0.973234769309202,0.983260365696626,0.978221880604663
ablation_prefix__n020__cnn1d,combined,inner,9,SoftwareUpdate,737,0.816229116945107,0.9280868385346,0.868571428571429
ablation_prefix__n020__cnn1d,combined,inner,10,System,1230,0.916041979010495,0.99349593495935,0.953198127925117
ablation_prefix__n020__cnn1d,combined,inner,11,Unspecified,5680,0.973923696184809,0.979753521126761,0.9768299104792
ablation_prefix__n020__cnn1d,combined,inner,12,VoIP,1569,0.798947368421053,0.967495219885277,0.875180167195157
ablation_prefix__n020__cnn1d,combined,inner,13,Web,110690,0.994306999606386,0.935676212846689,0.964101036522646
ablation_prefix__n020__cnn1d,combined,outer,0,Chat,3985,0.830308331511043,0.952823086574655,0.887356859079224
ablation_prefix__n020__cnn1d,combined,outer,1,Cloud,5778,0.864326952294135,0.984596746278989,0.920550161812298
ablation_prefix__n020__cnn1d,combined,outer,2,Collaborative,6632,0.57442230330246,0.925814234016888,0.708965995034929
ablation_prefix__n020__cnn1d,combined,outer,3,ConnCheck,281,0.669975186104218,0.96085409252669,0.789473684210526
ablation_prefix__n020__cnn1d,combined,outer,4,Database,327,0.902857142857143,0.966360856269113,0.933530280649926
ablation_prefix__n020__cnn1d,combined,outer,5,Download,651,0.684334511189635,0.89247311827957,0.774666666666667
ablation_prefix__n020__cnn1d,combined,outer,6,Email,391,0.78705636743215,0.964194373401535,0.866666666666667
ablation_prefix__n020__cnn1d,combined,outer,7,Network,84447,0.999427480916031,0.992243655784101,0.995822612560685
ablation_prefix__n020__cnn1d,combined,outer,8,SocialNetwork,3883,0.968543886352106,0.983260365696626,0.975846645367412
ablation_prefix__n020__cnn1d,combined,outer,9,SoftwareUpdate,737,0.820606060606061,0.918588873812754,0.866837387964149
ablation_prefix__n020__cnn1d,combined,outer,10,System,1230,0.879769618430526,0.99349593495935,0.933180603283696
ablation_prefix__n020__cnn1d,combined,outer,11,Unspecified,5680,0.972367960825463,0.97887323943662,0.975609756097561
ablation_prefix__n020__cnn1d,combined,outer,12,VoIP,1569,0.726099426386233,0.968132568514978,0.829827915869981
ablation_prefix__n020__cnn1d,combined,outer,13,Web,110690,0.994002869440459,0.938865299485048,0.965647649135848
ablation_prefix__n020__transformer,combined,inner,0,Chat,3985,0.672904054301963,0.920451693851945,0.777448071216617
ablation_prefix__n020__transformer,combined,inner,1,Cloud,5778,0.817827130852341,0.943232952578747,0.876064941327761
ablation_prefix__n020__transformer,combined,inner,2,Collaborative,6632,0.464683723120389,0.892792521109771,0.611231547434706
ablation_prefix__n020__transformer,combined,inner,3,ConnCheck,281,0.602222222222222,0.9644128113879,0.741450068399453
ablation_prefix__n020__transformer,combined,inner,4,Database,327,0.700892857142857,0.960244648318043,0.810322580645161
ablation_prefix__n020__transformer,combined,inner,5,Download,651,0.496130696474635,0.886328725038402,0.636163175303197
ablation_prefix__n020__transformer,combined,inner,6,Email,391,0.654513888888889,0.964194373401535,0.779731127197518
ablation_prefix__n020__transformer,combined,inner,7,Network,84447,0.998534023864169,0.984037325186211,0.991232674094043
ablation_prefix__n020__transformer,combined,inner,8,SocialNetwork,3883,0.851578240429819,0.979654906000515,0.911137724550898
ablation_prefix__n020__transformer,combined,inner,9,SoftwareUpdate,737,0.547427652733119,0.924016282225237,0.687531549722362
ablation_prefix__n020__transformer,combined,inner,10,System,1230,0.875447387258411,0.994308943089431,0.931100114198706
ablation_prefix__n020__transformer,combined,inner,11,Unspecified,5680,0.948427024239299,0.971302816901408,0.959728624858659
ablation_prefix__n020__transformer,combined,inner,12,VoIP,1569,0.494448073154801,0.964945825366475,0.653854459080112
ablation_prefix__n020__transformer,combined,inner,13,Web,110690,0.992167023167535,0.892573854910109,0.939739096110221
ablation_prefix__n020__transformer,combined,outer,0,Chat,3985,0.733784069300655,0.871518193224592,0.796742372103693
ablation_prefix__n020__transformer,combined,outer,1,Cloud,5778,0.790463497704724,0.923849082727587,0.851967121538584
ablation_prefix__n020__transformer,combined,outer,2,Collaborative,6632,0.633350266700533,0.751960193003619,0.687577554115538
ablation_prefix__n020__transformer,combined,outer,3,ConnCheck,281,0.365620736698499,0.953736654804271,0.528599605522682
ablation_prefix__n020__transformer,combined,outer,4,Database,327,0.892045454545455,0.960244648318043,0.924889543446245
ablation_prefix__n020__transformer,combined,outer,5,Download,651,0.624831309041835,0.711213517665131,0.665229885057471
ablation_prefix__n020__transformer,combined,outer,6,Email,391,0.470886075949367,0.951406649616368,0.629974597798476
ablation_prefix__n020__transformer,combined,outer,7,Network,84447,0.998041791335231,0.971698224922141,0.984693846938469
ablation_prefix__n020__transformer,combined,outer,8,SocialNetwork,3883,0.742913000977517,0.978624774658769,0.844632140475661
ablation_prefix__n020__transformer,combined,outer,9,SoftwareUpdate,737,0.661040787623066,0.637720488466757,0.649171270718232
ablation_prefix__n020__transformer,combined,outer,10,System,1230,0.786632390745501,0.995121951219512,0.878679109834889
ablation_prefix__n020__transformer,combined,outer,11,Unspecified,5680,0.928658008658009,0.94419014084507,0.936359668267132
ablation_prefix__n020__transformer,combined,outer,12,VoIP,1569,0.330759046778464,0.955385595920969,0.491394853302737
ablation_prefix__n020__transformer,combined,outer,13,Web,110690,0.983534167321213,0.927626705212756,0.954762701777877
ablation_prefix__n050__cnn1d,combined,inner,0,Chat,3985,0.799957528137609,0.945294855708908,0.866574649183345
ablation_prefix__n050__cnn1d,combined,inner,1,Cloud,5778,0.895607893061744,0.974039460020768,0.933178577350356
ablation_prefix__n050__cnn1d,combined,inner,2,Collaborative,6632,0.615462868769074,0.912243667068758,0.735026120762969
ablation_prefix__n050__cnn1d,combined,inner,3,ConnCheck,281,0.785923753665689,0.953736654804271,0.861736334405145
ablation_prefix__n050__cnn1d,combined,inner,4,Database,327,0.882022471910112,0.960244648318043,0.919472913616398
ablation_prefix__n050__cnn1d,combined,inner,5,Download,651,0.466346153846154,0.894009216589862,0.612954186413902
ablation_prefix__n050__cnn1d,combined,inner,6,Email,391,0.809935205183585,0.959079283887468,0.878220140515222
ablation_prefix__n050__cnn1d,combined,inner,7,Network,84447,0.999259860567281,0.991225265551174,0.995226347234194
ablation_prefix__n050__cnn1d,combined,inner,8,SocialNetwork,3883,0.973623559539053,0.979139840329642,0.976373908577298
ablation_prefix__n050__cnn1d,combined,inner,9,SoftwareUpdate,737,0.720418848167539,0.933514246947083,0.813238770685579
ablation_prefix__n050__cnn1d,combined,inner,10,System,1230,0.900369003690037,0.991869918699187,0.943907156673114
ablation_prefix__n050__cnn1d,combined,inner,11,Unspecified,5680,0.968788142981691,0.978169014084507,0.973455978975033
ablation_prefix__n050__cnn1d,combined,inner,12,VoIP,1569,0.706020696142992,0.95666029318037,0.812449255751015
ablation_prefix__n050__cnn1d,combined,inner,13,Web,110690,0.992376860635325,0.943210768813804,0.967169377848594
ablation_prefix__n050__cnn1d,combined,outer,0,Chat,3985,0.801023672424824,0.942534504391468,0.866036430712474
ablation_prefix__n050__cnn1d,combined,outer,1,Cloud,5778,0.879452480945715,0.978539286950502,0.926353731465553
ablation_prefix__n050__cnn1d,combined,outer,2,Collaborative,6632,0.651309846431798,0.869722557297949,0.744834710743802
ablation_prefix__n050__cnn1d,combined,outer,3,ConnCheck,281,0.665012406947891,0.953736654804271,0.783625730994152
ablation_prefix__n050__cnn1d,combined,outer,4,Database,327,0.786967418546366,0.960244648318043,0.865013774104683
ablation_prefix__n050__cnn1d,combined,outer,5,Download,651,0.476269775187344,0.878648233486943,0.617710583153348
ablation_prefix__n050__cnn1d,combined,outer,6,Email,391,0.712380952380952,0.956521739130435,0.816593886462882
ablation_prefix__n050__cnn1d,combined,outer,7,Network,84447,0.999149027974207,0.98716354636636,0.993120126756452
ablation_prefix__n050__cnn1d,combined,outer,8,SocialNetwork,3883,0.970663265306122,0.979912438835952,0.975265923362809
ablation_prefix__n050__cnn1d,combined,outer,9,SoftwareUpdate,737,0.714435146443515,0.926729986431479,0.80685174246899
ablation_prefix__n050__cnn1d,combined,outer,10,System,1230,0.785576303927881,0.991869918699187,0.876751706791232
ablation_prefix__n050__cnn1d,combined,outer,11,Unspecified,5680,0.96710182767624,0.978169014084507,0.972603938730853
ablation_prefix__n050__cnn1d,combined,outer,12,VoIP,1569,0.584173778122576,0.959847036328872,0.726308174584037
ablation_prefix__n050__cnn1d,combined,outer,13,Web,110690,0.991609292282632,0.945948143463728,0.968240684658526
ablation_prefix__n050__transformer,combined,inner,0,Chat,3985,0.610861983059293,0.922961104140527,0.735158904657206
ablation_prefix__n050__transformer,combined,inner,1,Cloud,5778,0.843187250996016,0.915714780200761,0.877955695677425
ablation_prefix__n050__transformer,combined,inner,2,Collaborative,6632,0.411531359004172,0.90726779252111,0.566225944572531
ablation_prefix__n050__transformer,combined,inner,3,ConnCheck,281,0.54989816700611,0.96085409252669,0.699481865284974
ablation_prefix__n050__transformer,combined,inner,4,Database,327,0.574817518248175,0.963302752293578,0.72
ablation_prefix__n050__transformer,combined,inner,5,Download,651,0.472894078398666,0.870967741935484,0.612972972972973
ablation_prefix__n050__transformer,combined,inner,6,Email,391,0.776617954070981,0.951406649616368,0.855172413793103
ablation_prefix__n050__transformer,combined,inner,7,Network,84447,0.999012333783002,0.982178170923775,0.990523732467114
ablation_prefix__n050__transformer,combined,inner,8,SocialNetwork,3883,0.874883286647993,0.96523306721607,0.917840088159667
ablation_prefix__n050__transformer,combined,inner,9,SoftwareUpdate,737,0.510590015128593,0.915875169606513,0.655658086449733
ablation_prefix__n050__transformer,combined,inner,10,System,1230,0.862800565770863,0.991869918699187,0.922844175491679
ablation_prefix__n050__transformer,combined,inner,11,Unspecified,5680,0.942287873582961,0.965845070422535,0.953921057207442
ablation_prefix__n050__transformer,combined,inner,12,VoIP,1569,0.475326329194524,0.951561504142766,0.633970276008493
ablation_prefix__n050__transformer,combined,inner,13,Web,110690,0.990977058582548,0.874144005781913,0.928901262420199
ablation_prefix__n050__transformer,combined,outer,0,Chat,3985,0.653259361997226,0.827352572145546,0.730070859167405
ablation_prefix__n050__transformer,combined,outer,1,Cloud,5778,0.814909614461686,0.881619937694704,0.846953196441932
ablation_prefix__n050__transformer,combined,outer,2,Collaborative,6632,0.514792319749216,0.792370325693607,0.624109263657957
ablation_prefix__n050__transformer,combined,outer,3,ConnCheck,281,0.340673575129534,0.935943060498221,0.499525166191833
ablation_prefix__n050__transformer,combined,outer,4,Database,327,0.714285714285714,0.963302752293578,0.8203125
ablation_prefix__n050__transformer,combined,outer,5,Download,651,0.575380359612725,0.639016897081413,0.605531295487627
ablation_prefix__n050__transformer,combined,outer,6,Email,391,0.46520618556701,0.923273657289003,0.618680377035133
ablation_prefix__n050__transformer,combined,outer,7,Network,84447,0.998287983098386,0.973604746172155,0.98579187799
ablation_prefix__n050__transformer,combined,outer,8,SocialNetwork,3883,0.733634755258502,0.961112541849086,0.832107023411371
ablation_prefix__n050__transformer,combined,outer,9,SoftwareUpdate,737,0.698275862068966,0.659430122116689,0.678297278436846
ablation_prefix__n050__transformer,combined,outer,10,System,1230,0.801576872536137,0.991869918699187,0.886627906976744
ablation_prefix__n050__transformer,combined,outer,11,Unspecified,5680,0.911529083942877,0.921478873239437,0.9164769742602
ablation_prefix__n050__transformer,combined,outer,12,VoIP,1569,0.32172972972973,0.948374760994264,0.480464966096222
ablation_prefix__n050__transformer,combined,outer,13,Web,110690,0.981446997020543,0.904679736200199,0.941501114130179
ablation_prefix__n080__cnn1d,combined,inner,0,Chat,3985,0.818572656921754,0.955583437892095,0.881787657751534
ablation_prefix__n080__cnn1d,combined,inner,1,Cloud,5778,0.899555696604253,0.981135340948425,0.938576158940397
ablation_prefix__n080__cnn1d,combined,inner,2,Collaborative,6632,0.574154299935478,0.939234016887817,0.712659458841027
ablation_prefix__n080__cnn1d,combined,inner,3,ConnCheck,281,0.87741935483871,0.96797153024911,0.920473773265651
ablation_prefix__n080__cnn1d,combined,inner,4,Database,327,0.880222841225627,0.966360856269113,0.921282798833819
ablation_prefix__n080__cnn1d,combined,inner,5,Download,651,0.617521367521368,0.887864823348694,0.728418399495904
ablation_prefix__n080__cnn1d,combined,inner,6,Email,391,0.826086956521739,0.971867007672634,0.893066980023502
ablation_prefix__n080__cnn1d,combined,inner,7,Network,84447,0.99925,0.993960709083804,0.996598336568772
ablation_prefix__n080__cnn1d,combined,inner,8,SocialNetwork,3883,0.976263399693721,0.985063095544682,0.980643507242661
ablation_prefix__n080__cnn1d,combined,inner,9,SoftwareUpdate,737,0.814285714285714,0.9280868385346,0.867469879518072
ablation_prefix__n080__cnn1d,combined,inner,10,System,1230,0.939204988308652,0.979674796747967,0.959013131715082
ablation_prefix__n080__cnn1d,combined,inner,11,Unspecified,5680,0.976674850929498,0.980457746478873,0.978562642769285
ablation_prefix__n080__cnn1d,combined,inner,12,VoIP,1569,0.8143550998381,0.961759082217973,0.881940385739334
ablation_prefix__n080__cnn1d,combined,inner,13,Web,110690,0.994161252468588,0.941412955099828,0.967068355088234
ablation_prefix__n080__cnn1d,combined,outer,0,Chat,3985,0.82274102896671,0.955081555834379,0.883985599814191
ablation_prefix__n080__cnn1d,combined,outer,1,Cloud,5778,0.87962962962963,0.9865005192108,0.930004894762604
ablation_prefix__n080__cnn1d,combined,outer,2,Collaborative,6632,0.629928593604471,0.917822677925211,0.747100337526849
ablation_prefix__n080__cnn1d,combined,outer,3,ConnCheck,281,0.771186440677966,0.97153024911032,0.859842519685039
ablation_prefix__n080__cnn1d,combined,outer,4,Database,327,0.875346260387812,0.966360856269113,0.918604651162791
ablation_prefix__n080__cnn1d,combined,outer,5,Download,651,0.634396355353075,0.855606758832565,0.728580771746239
ablation_prefix__n080__cnn1d,combined,outer,6,Email,391,0.713747645951036,0.969309462915601,0.822125813449024
ablation_prefix__n080__cnn1d,combined,outer,7,Network,84447,0.999224149249812,0.99131999952633,0.995256381296589
ablation_prefix__n080__cnn1d,combined,outer,8,SocialNetwork,3883,0.973999490186082,0.984032964202936,0.978990520112734
ablation_prefix__n080__cnn1d,combined,outer,9,SoftwareUpdate,737,0.816546762589928,0.924016282225237,0.866963717377467
ablation_prefix__n080__cnn1d,combined,outer,10,System,1230,0.905334335086401,0.979674796747967,0.941038656774697
ablation_prefix__n080__cnn1d,combined,outer,11,Unspecified,5680,0.974090505767524,0.96637323943662,0.970216526734423
ablation_prefix__n080__cnn1d,combined,outer,12,VoIP,1569,0.715362865221489,0.967495219885277,0.822541316716337
ablation_prefix__n080__cnn1d,combined,outer,13,Web,110690,0.993249120683787,0.9490468877044,0.970645033124821
ablation_prefix__n080__transformer,combined,inner,0,Chat,3985,0.674859931321164,0.937013801756587,0.784618617356588
ablation_prefix__n080__transformer,combined,inner,1,Cloud,5778,0.834235046588518,0.960713049498096,0.893018018018018
ablation_prefix__n080__transformer,combined,inner,2,Collaborative,6632,0.502087415864361,0.88857056694813,0.64162447601938
ablation_prefix__n080__transformer,combined,inner,3,ConnCheck,281,0.607064017660044,0.97864768683274,0.749318801089918
ablation_prefix__n080__transformer,combined,inner,4,Database,327,0.891737891737892,0.957186544342508,0.92330383480826
ablation_prefix__n080__transformer,combined,inner,5,Download,651,0.533151680290645,0.901689708141321,0.670091324200913
ablation_prefix__n080__transformer,combined,inner,6,Email,391,0.80952380952381,0.956521739130435,0.876905041031653
ablation_prefix__n080__transformer,combined,inner,7,Network,84447,0.999053314000168,0.987246438594621,0.993114785343308
ablation_prefix__n080__transformer,combined,inner,8,SocialNetwork,3883,0.84167585446527,0.98300283286119,0.906866239011642
ablation_prefix__n080__transformer,combined,inner,9,SoftwareUpdate,737,0.562144597887896,0.938941655359566,0.703252032520325
ablation_prefix__n080__transformer,combined,inner,10,System,1230,0.904129793510325,0.996747967479675,0.948182521268368
ablation_prefix__n080__transformer,combined,inner,11,Unspecified,5680,0.947359483783325,0.982218309859155,0.964474025412741
ablation_prefix__n080__transformer,combined,inner,12,VoIP,1569,0.576586849106803,0.966857871255577,0.722380952380952
ablation_prefix__n080__transformer,combined,inner,13,Web,110690,0.992705576863993,0.904896557954648,0.946769444536342
ablation_prefix__n080__transformer,combined,outer,0,Chat,3985,0.727095516569201,0.842409033877039,0.780516159032783
ablation_prefix__n080__transformer,combined,outer,1,Cloud,5778,0.782209469153515,0.943579093111803,0.855349858801381
ablation_prefix__n080__transformer,combined,outer,2,Collaborative,6632,0.628823097626621,0.77503015681544,0.694313116304201
ablation_prefix__n080__transformer,combined,outer,3,ConnCheck,281,0.372739916550765,0.953736654804271,0.536
ablation_prefix__n080__transformer,combined,outer,4,Database,327,0.915204678362573,0.957186544342508,0.935724962630792
ablation_prefix__n080__transformer,combined,outer,5,Download,651,0.564719358533792,0.757296466973886,0.646981627296588
ablation_prefix__n080__transformer,combined,outer,6,Email,391,0.544227886056971,0.928388746803069,0.686200378071834
ablation_prefix__n080__transformer,combined,outer,7,Network,84447,0.998707901124247,0.979359835162883,0.988939243563836
ablation_prefix__n080__transformer,combined,outer,8,SocialNetwork,3883,0.771086780210868,0.979397373165079,0.862847419171866
ablation_prefix__n080__transformer,combined,outer,9,SoftwareUpdate,737,0.653846153846154,0.71506105834464,0.683084899546338
ablation_prefix__n080__transformer,combined,outer,10,System,1230,0.80964970257766,0.995934959349594,0.893182646737149
ablation_prefix__n080__transformer,combined,outer,11,Unspecified,5680,0.918799796575691,0.954225352112676,0.93617756282926
ablation_prefix__n080__transformer,combined,outer,12,VoIP,1569,0.398204383416953,0.961121733588273,0.563106796116505
ablation_prefix__n080__transformer,combined,outer,13,Web,110690,0.986090178648568,0.928015177522811,0.956171664471449
cross_session__flattened_splt__random_forest,s1_to_s2,inner,0,Chat,2094,0.794362292051756,0.820916905444126,0.807421324565524
cross_session__flattened_splt__random_forest,s1_to_s2,inner,1,Cloud,2573,0.961538461538462,0.942479595802565,0.951913640824338
cross_session__flattened_splt__random_forest,s1_to_s2,inner,2,Collaborative,3558,0.697568389057751,0.645025295109612,0.670268691588785
cross_session__flattened_splt__random_forest,s1_to_s2,inner,3,ConnCheck,92,0.975903614457831,0.880434782608696,0.925714285714286
cross_session__flattened_splt__random_forest,s1_to_s2,inner,4,Database,200,0.974747474747475,0.965,0.969849246231156
cross_session__flattened_splt__random_forest,s1_to_s2,inner,5,Download,368,0.872670807453416,0.763586956521739,0.814492753623188
cross_session__flattened_splt__random_forest,s1_to_s2,inner,6,Email,172,0.8828125,0.656976744186046,0.753333333333333
cross_session__flattened_splt__random_forest,s1_to_s2,inner,7,Network,38836,0.99873792659369,0.998455041713874,0.9985964641197
cross_session__flattened_splt__random_forest,s1_to_s2,inner,8,SocialNetwork,1477,0.968493150684931,0.957345971563981,0.962887299965952
cross_session__flattened_splt__random_forest,s1_to_s2,inner,9,SoftwareUpdate,377,0.824146981627297,0.83289124668435,0.828496042216359
cross_session__flattened_splt__random_forest,s1_to_s2,inner,10,System,462,0.980728051391863,0.991341991341991,0.986006458557589
cross_session__flattened_splt__random_forest,s1_to_s2,inner,11,Unspecified,3314,0.9792543595911,0.982800241400121,0.981024096385542
cross_session__flattened_splt__random_forest,s1_to_s2,inner,12,VoIP,763,0.448254745866503,0.959370904325033,0.6110183639399
cross_session__flattened_splt__random_forest,s1_to_s2,inner,13,Web,49102,0.978801786412563,0.968575618101096,0.973661852166525
cross_session__flattened_splt__random_forest,s1_to_s2,outer,0,Chat,2094,0.718177056050288,0.654727793696275,0.684986260304771
cross_session__flattened_splt__random_forest,s1_to_s2,outer,1,Cloud,2573,0.987676056338028,0.654100272055966,0.787000233808744
cross_session__flattened_splt__random_forest,s1_to_s2,outer,2,Collaborative,3558,0.898193760262726,0.153738055087128,0.26253899688025
cross_session__flattened_splt__random_forest,s1_to_s2,outer,3,ConnCheck,92,0.696969696969697,0.25,0.368
cross_session__flattened_splt__random_forest,s1_to_s2,outer,4,Database,200,0.946078431372549,0.965,0.955445544554455
cross_session__flattened_splt__random_forest,s1_to_s2,outer,5,Download,368,1,0.0190217391304348,0.0373333333333333
cross_session__flattened_splt__random_forest,s1_to_s2,outer,6,Email,172,0.90625,0.337209302325581,0.491525423728814
cross_session__flattened_splt__random_forest,s1_to_s2,outer,7,Network,38836,0.976718347558204,0.995983108456072,0.986256661312119
cross_session__flattened_splt__random_forest,s1_to_s2,outer,8,SocialNetwork,1477,1,0.0751523358158429,0.139798488664987
cross_session__flattened_splt__random_forest,s1_to_s2,outer,9,SoftwareUpdate,377,0.625,0.013262599469496,0.025974025974026
cross_session__flattened_splt__random_forest,s1_to_s2,outer,10,System,462,0.15625,0.0108225108225108,0.0202429149797571
cross_session__flattened_splt__random_forest,s1_to_s2,outer,11,Unspecified,3314,0.978208232445521,0.975256487628244,0.976730129948625
cross_session__flattened_splt__random_forest,s1_to_s2,outer,12,VoIP,763,0.284407665505227,0.855832241153342,0.426936907486107
cross_session__flattened_splt__random_forest,s1_to_s2,outer,13,Web,49102,0.906700308382394,0.988004561932304,0.945607999454228
cross_session__flattened_splt__random_forest,s2_to_s1,inner,0,Chat,1891,0.707920792079208,0.831835007932311,0.764891806467299
cross_session__flattened_splt__random_forest,s2_to_s1,inner,1,Cloud,3205,0.893911995177818,0.925429017160686,0.909397516480147
cross_session__flattened_splt__random_forest,s2_to_s1,inner,2,Collaborative,3074,0.576232151082451,0.813923227065712,0.674757281553398
cross_session__flattened_splt__random_forest,s2_to_s1,inner,3,ConnCheck,189,0.980952380952381,0.544973544973545,0.700680272108844
cross_session__flattened_splt__random_forest,s2_to_s1,inner,4,Database,127,0.938461538461538,0.960629921259842,0.949416342412451
cross_session__flattened_splt__random_forest,s2_to_s1,inner,5,Download,283,0.630225080385852,0.692579505300353,0.65993265993266
cross_session__flattened_splt__random_forest,s2_to_s1,inner,6,Email,219,0.946236559139785,0.80365296803653,0.869135802469136
cross_session__flattened_splt__random_forest,s2_to_s1,inner,7,Network,45611,0.997827899425161,0.99710596128127,0.997466799723651
cross_session__flattened_splt__random_forest,s2_to_s1,inner,8,SocialNetwork,2406,0.922049956933678,0.889858686616791,0.905668358714044
cross_session__flattened_splt__random_forest,s2_to_s1,inner,9,SoftwareUpdate,360,0.884057971014493,0.677777777777778,0.767295597484277
cross_session__flattened_splt__random_forest,s2_to_s1,inner,10,System,768,0.983311938382542,0.997395833333333,0.990303813833226
cross_session__flattened_splt__random_forest,s2_to_s1,inner,11,Unspecified,2366,0.972689075630252,0.978444632290786,0.975558364938896
cross_session__flattened_splt__random_forest,s2_to_s1,inner,12,VoIP,806,0.936936936936937,0.903225806451613,0.919772583701832
cross_session__flattened_splt__random_forest,s2_to_s1,inner,13,Web,61588,0.978892083700367,0.95630642332922,0.967467455135313
cross_session__flattened_splt__random_forest,s2_to_s1,outer,0,Chat,1891,0.561116965226554,0.563194077207827,0.56215360253365
cross_session__flattened_splt__random_forest,s2_to_s1,outer,1,Cloud,3205,0.96174595389897,0.61185647425897,0.74790236460717
cross_session__flattened_splt__random_forest,s2_to_s1,outer,2,Collaborative,3074,0.862119013062409,0.193233571893299,0.315705554079192
cross_session__flattened_splt__random_forest,s2_to_s1,outer,3,ConnCheck,189,0.25,0.00529100529100529,0.0103626943005181
cross_session__flattened_splt__random_forest,s2_to_s1,outer,4,Database,127,0.734939759036145,0.960629921259842,0.832764505119454
cross_session__flattened_splt__random_forest,s2_to_s1,outer,5,Download,283,0.692307692307692,0.0318021201413428,0.0608108108108108
cross_session__flattened_splt__random_forest,s2_to_s1,outer,6,Email,219,0.989130434782609,0.415525114155251,0.585209003215434
cross_session__flattened_splt__random_forest,s2_to_s1,outer,7,Network,45611,0.962143975623175,0.99688671592379,0.979207270456234
cross_session__flattened_splt__random_forest,s2_to_s1,outer,8,SocialNetwork,2406,0.870646766169154,0.14546965918537,0.249287749287749
cross_session__flattened_splt__random_forest,s2_to_s1,outer,9,SoftwareUpdate,360,0.833333333333333,0.0138888888888889,0.0273224043715847
cross_session__flattened_splt__random_forest,s2_to_s1,outer,10,System,768,0.625,0.00651041666666667,0.0128865979381443
cross_session__flattened_splt__random_forest,s2_to_s1,outer,11,Unspecified,2366,0.935177539223782,0.95731191885038,0.946115288220551
cross_session__flattened_splt__random_forest,s2_to_s1,outer,12,VoIP,806,0.656716417910448,0.764267990074442,0.706422018348624
cross_session__flattened_splt__random_forest,s2_to_s1,outer,13,Web,61588,0.901893724424266,0.980531921802949,0.939570270564623
cross_session__flattened_splt__xgboost,s1_to_s2,inner,0,Chat,2094,0.774400684931507,0.863896848137536,0.816704288939052
cross_session__flattened_splt__xgboost,s1_to_s2,inner,1,Cloud,2573,0.966108297623685,0.963855421686747,0.964980544747082
cross_session__flattened_splt__xgboost,s1_to_s2,inner,2,Collaborative,3558,0.861532765642355,0.654019111860596,0.743569260265218
cross_session__flattened_splt__xgboost,s1_to_s2,inner,3,ConnCheck,92,0.87378640776699,0.978260869565217,0.923076923076923
cross_session__flattened_splt__xgboost,s1_to_s2,inner,4,Database,200,0.98469387755102,0.965,0.974747474747475
cross_session__flattened_splt__xgboost,s1_to_s2,inner,5,Download,368,0.902097902097902,0.701086956521739,0.788990825688073
cross_session__flattened_splt__xgboost,s1_to_s2,inner,6,Email,172,0.846715328467153,0.674418604651163,0.750809061488673
cross_session__flattened_splt__xgboost,s1_to_s2,inner,7,Network,38836,0.999097566006601,0.997759810485117,0.998428240144293
cross_session__flattened_splt__xgboost,s1_to_s2,inner,8,SocialNetwork,1477,0.952380952380952,0.974949221394719,0.963532954165273
cross_session__flattened_splt__xgboost,s1_to_s2,inner,9,SoftwareUpdate,377,0.913513513513514,0.896551724137931,0.904953145917001
cross_session__flattened_splt__xgboost,s1_to_s2,inner,10,System,462,1,0.995670995670996,0.997830802603037
cross_session__flattened_splt__xgboost,s1_to_s2,inner,11,Unspecified,3314,0.962430290578221,0.989438744719372,0.97574765659872
cross_session__flattened_splt__xgboost,s1_to_s2,inner,12,VoIP,763,0.511691884456671,0.975098296199214,0.671177266576455
cross_session__flattened_splt__xgboost,s1_to_s2,inner,13,Web,49102,0.978481915435558,0.977943871940043,0.978212819703189
cross_session__flattened_splt__xgboost,s1_to_s2,outer,0,Chat,2094,0.689765947682423,0.717765042979943,0.703487011467353
cross_session__flattened_splt__xgboost,s1_to_s2,outer,1,Cloud,2573,0.948483389504092,0.765643218033424,0.847311827956989
cross_session__flattened_splt__xgboost,s1_to_s2,outer,2,Collaborative,3558,0.860323886639676,0.238898257448004,0.373955125384954
cross_session__flattened_splt__xgboost,s1_to_s2,outer,3,ConnCheck,92,0.41875,0.728260869565217,0.531746031746032
cross_session__flattened_splt__xgboost,s1_to_s2,outer,4,Database,200,0.923444976076555,0.965,0.943765281173594
cross_session__flattened_splt__xgboost,s1_to_s2,outer,5,Download,368,0.857142857142857,0.0815217391304348,0.148883374689826
cross_session__flattened_splt__xgboost,s1_to_s2,outer,6,Email,172,0.898148148148148,0.563953488372093,0.692857142857143
cross_session__flattened_splt__xgboost,s1_to_s2,outer,7,Network,38836,0.97945657694261,0.993176434236276,0.986268794108622
cross_session__flattened_splt__xgboost,s1_to_s2,outer,8,SocialNetwork,1477,0.985531914893617,0.784021665538253,0.873303167420814
cross_session__flattened_splt__xgboost,s1_to_s2,outer,9,SoftwareUpdate,377,0.866666666666667,0.0689655172413793,0.127764127764128
cross_session__flattened_splt__xgboost,s1_to_s2,outer,10,System,462,0,0,0
cross_session__flattened_splt__xgboost,s1_to_s2,outer,11,Unspecified,3314,0.974025974025974,0.950512975256488,0.96212583995113
cross_session__flattened_splt__xgboost,s1_to_s2,outer,12,VoIP,763,0.267577340297308,0.872870249017038,0.409594095940959
cross_session__flattened_splt__xgboost,s1_to_s2,outer,13,Web,49102,0.941781622632686,0.984399820781231,0.962619242028957
cross_session__flattened_splt__xgboost,s2_to_s1,inner,0,Chat,1891,0.786737400530504,0.784241142252776,0.785487288135593
cross_session__flattened_splt__xgboost,s2_to_s1,inner,1,Cloud,3205,0.916915720263001,0.957254290171607,0.936650892993436
cross_session__flattened_splt__xgboost,s2_to_s1,inner,2,Collaborative,3074,0.757693553611921,0.760897852960312,0.75929232267489
cross_session__flattened_splt__xgboost,s2_to_s1,inner,3,ConnCheck,189,0.951219512195122,0.825396825396825,0.88385269121813
cross_session__flattened_splt__xgboost,s2_to_s1,inner,4,Database,127,0.960629921259842,0.960629921259842,0.960629921259842
cross_session__flattened_splt__xgboost,s2_to_s1,inner,5,Download,283,0.851485148514851,0.607773851590106,0.709278350515464
cross_session__flattened_splt__xgboost,s2_to_s1,inner,6,Email,219,0.938202247191011,0.762557077625571,0.841309823677582
cross_session__flattened_splt__xgboost,s2_to_s1,inner,7,Network,45611,0.998420775574662,0.998004867246936,0.99821277808844
cross_session__flattened_splt__xgboost,s2_to_s1,inner,8,SocialNetwork,2406,0.880345394736842,0.889858686616791,0.885076477883423
cross_session__flattened_splt__xgboost,s2_to_s1,inner,9,SoftwareUpdate,360,0.915032679738562,0.777777777777778,0.840840840840841
cross_session__flattened_splt__xgboost,s2_to_s1,inner,10,System,768,0.992248062015504,1,0.996108949416342
cross_session__flattened_splt__xgboost,s2_to_s1,inner,11,Unspecified,2366,0.96580483736447,0.978867286559594,0.972292191435768
cross_session__flattened_splt__xgboost,s2_to_s1,inner,12,VoIP,806,0.944512946979038,0.950372208436725,0.94743351886209
cross_session__flattened_splt__xgboost,s2_to_s1,inner,13,Web,61588,0.97829228296342,0.978339936351237,0.978316109077034
cross_session__flattened_splt__xgboost,s2_to_s1,outer,0,Chat,1891,0.6627539503386,0.776308831306187,0.715051144666342
cross_session__flattened_splt__xgboost,s2_to_s1,outer,1,Cloud,3205,0.980373831775701,0.654602184087363,0.785032740879327
cross_session__flattened_splt__xgboost,s2_to_s1,outer,2,Collaborative,3074,0.650071633237822,0.590435914118412,0.618820320490965
cross_session__flattened_splt__xgboost,s2_to_s1,outer,3,ConnCheck,189,0.417582417582418,0.201058201058201,0.271428571428571
cross_session__flattened_splt__xgboost,s2_to_s1,outer,4,Database,127,0.797385620915033,0.960629921259842,0.871428571428571
cross_session__flattened_splt__xgboost,s2_to_s1,outer,5,Download,283,0.806451612903226,0.088339222614841,0.159235668789809
cross_session__flattened_splt__xgboost,s2_to_s1,outer,6,Email,219,0.943181818181818,0.378995433789954,0.54071661237785
cross_session__flattened_splt__xgboost,s2_to_s1,outer,7,Network,45611,0.972955046323042,0.996974414066782,0.984818296010742
cross_session__flattened_splt__xgboost,s2_to_s1,outer,8,SocialNetwork,2406,0.991150442477876,0.139650872817955,0.244808743169399
cross_session__flattened_splt__xgboost,s2_to_s1,outer,9,SoftwareUpdate,360,0.884615384615385,0.0638888888888889,0.119170984455959
cross_session__flattened_splt__xgboost,s2_to_s1,outer,10,System,768,0,0,0
cross_session__flattened_splt__xgboost,s2_to_s1,outer,11,Unspecified,2366,0.942041522491349,0.920540997464074,0.931167165455323
cross_session__flattened_splt__xgboost,s2_to_s1,outer,12,VoIP,806,0.652631578947368,0.769230769230769,0.706150341685649
cross_session__flattened_splt__xgboost,s2_to_s1,outer,13,Web,61588,0.92791337916609,0.979606416834448,0.953059467486
cross_session__matched_flow_stats__random_forest,s1_to_s2,inner,0,Chat,2094,0.711827007943513,0.770296084049666,0.739908256880734
cross_session__matched_flow_stats__random_forest,s1_to_s2,inner,1,Cloud,2573,0.870010984987184,0.923435678196658,0.895927601809955
cross_session__matched_flow_stats__random_forest,s1_to_s2,inner,2,Collaborative,3558,0.567218635980915,0.568015739179314,0.567616907737677
cross_session__matched_flow_stats__random_forest,s1_to_s2,inner,3,ConnCheck,92,0.705357142857143,0.858695652173913,0.774509803921569
cross_session__matched_flow_stats__random_forest,s1_to_s2,inner,4,Database,200,0.974874371859296,0.97,0.972431077694236
cross_session__matched_flow_stats__random_forest,s1_to_s2,inner,5,Download,368,0.834394904458599,0.71195652173913,0.768328445747801
cross_session__matched_flow_stats__random_forest,s1_to_s2,inner,6,Email,172,0.817518248175182,0.651162790697674,0.724919093851133
cross_session__matched_flow_stats__random_forest,s1_to_s2,inner,7,Network,38836,0.999458455825468,0.997965804923267,0.998711572654418
cross_session__matched_flow_stats__random_forest,s1_to_s2,inner,8,SocialNetwork,1477,0.949704142011834,0.869329722410291,0.907741251325557
cross_session__matched_flow_stats__random_forest,s1_to_s2,inner,9,SoftwareUpdate,377,0.783606557377049,0.63395225464191,0.700879765395894
cross_session__matched_flow_stats__random_forest,s1_to_s2,inner,10,System,462,0.982905982905983,0.995670995670996,0.989247311827957
cross_session__matched_flow_stats__random_forest,s1_to_s2,inner,11,Unspecified,3314,0.968187274909964,0.973445986722993,0.970809509479386
cross_session__matched_flow_stats__random_forest,s1_to_s2,inner,12,VoIP,763,0.439949431099874,0.91218872870249,0.593603411513859
cross_session__matched_flow_stats__random_forest,s1_to_s2,inner,13,Web,49102,0.965263528777799,0.948494969655004,0.956805785251307
cross_session__matched_flow_stats__random_forest,s1_to_s2,outer,0,Chat,2094,0.680335097001764,0.736867239732569,0.707473635946813
cross_session__matched_flow_stats__random_forest,s1_to_s2,outer,1,Cloud,2573,0.914221218961625,0.787019043917606,0.845864661654135
cross_session__matched_flow_stats__random_forest,s1_to_s2,outer,2,Collaborative,3558,0.57334581772784,0.516301292861158,0.543330375628512
cross_session__matched_flow_stats__random_forest,s1_to_s2,outer,3,ConnCheck,92,0.622950819672131,0.41304347826087,0.496732026143791
cross_session__matched_flow_stats__random_forest,s1_to_s2,outer,4,Database,200,0.946341463414634,0.97,0.958024691358025
cross_session__matched_flow_stats__random_forest,s1_to_s2,outer,5,Download,368,0.674157303370786,0.652173913043478,0.662983425414365
cross_session__matched_flow_stats__random_forest,s1_to_s2,outer,6,Email,172,0.758620689655172,0.63953488372093,0.694006309148265
cross_session__matched_flow_stats__random_forest,s1_to_s2,outer,7,Network,38836,0.986418998114458,0.996832835513441,0.991598575856151
cross_session__matched_flow_stats__random_forest,s1_to_s2,outer,8,SocialNetwork,1477,0.912148249828415,0.899796885578876,0.905930470347648
cross_session__matched_flow_stats__random_forest,s1_to_s2,outer,9,SoftwareUpdate,377,0.710280373831776,0.403183023872679,0.514382402707276
cross_session__matched_flow_stats__random_forest,s1_to_s2,outer,10,System,462,0.28125,0.0194805194805195,0.0364372469635627
cross_session__matched_flow_stats__random_forest,s1_to_s2,outer,11,Unspecified,3314,0.973284760170006,0.967410983705492,0.970338983050847
cross_session__matched_flow_stats__random_forest,s1_to_s2,outer,12,VoIP,763,0.375074537865236,0.82437745740498,0.515573770491803
cross_session__matched_flow_stats__random_forest,s1_to_s2,outer,13,Web,49102,0.955114865140572,0.953403120035844,0.954258224958213
cross_session__matched_flow_stats__random_forest,s2_to_s1,inner,0,Chat,1891,0.605868358445678,0.808038075092544,0.692499433491956
cross_session__matched_flow_stats__random_forest,s2_to_s1,inner,1,Cloud,3205,0.847628023876846,0.841809672386896,0.844708829054477
cross_session__matched_flow_stats__random_forest,s2_to_s1,inner,2,Collaborative,3074,0.591000865301413,0.666558230318803,0.626509707995719
cross_session__matched_flow_stats__random_forest,s2_to_s1,inner,3,ConnCheck,189,0.839416058394161,0.608465608465608,0.705521472392638
cross_session__matched_flow_stats__random_forest,s2_to_s1,inner,4,Database,127,0.96875,0.976377952755906,0.972549019607843
cross_session__matched_flow_stats__random_forest,s2_to_s1,inner,5,Download,283,0.502525252525252,0.703180212014134,0.586156111929308
cross_session__matched_flow_stats__random_forest,s2_to_s1,inner,6,Email,219,0.961325966850829,0.794520547945205,0.87
cross_session__matched_flow_stats__random_forest,s2_to_s1,inner,7,Network,45611,0.997828756908501,0.997500602924733,0.997664652932341
cross_session__matched_flow_stats__random_forest,s2_to_s1,inner,8,SocialNetwork,2406,0.88370253164557,0.928512053200332,0.905553303607621
cross_session__matched_flow_stats__random_forest,s2_to_s1,inner,9,SoftwareUpdate,360,0.778135048231511,0.672222222222222,0.721311475409836
cross_session__matched_flow_stats__random_forest,s2_to_s1,inner,10,System,768,0.990967741935484,1,0.995463383020091
cross_session__matched_flow_stats__random_forest,s2_to_s1,inner,11,Unspecified,2366,0.942094455852156,0.969568892645816,0.95563424286607
cross_session__matched_flow_stats__random_forest,s2_to_s1,inner,12,VoIP,806,0.804639804639805,0.817617866004963,0.811076923076923
cross_session__matched_flow_stats__random_forest,s2_to_s1,inner,13,Web,61588,0.966614251427626,0.948204195622524,0.957320721621599
cross_session__matched_flow_stats__random_forest,s2_to_s1,outer,0,Chat,1891,0.564112437427801,0.774722369116869,0.652852049910873
cross_session__matched_flow_stats__random_forest,s2_to_s1,outer,1,Cloud,3205,0.84555712270804,0.74820592823713,0.793908293328919
cross_session__matched_flow_stats__random_forest,s2_to_s1,outer,2,Collaborative,3074,0.564964842555793,0.601171112556929,0.582505910165485
cross_session__matched_flow_stats__random_forest,s2_to_s1,outer,3,ConnCheck,189,0.822222222222222,0.391534391534392,0.530465949820789
cross_session__matched_flow_stats__random_forest,s2_to_s1,outer,4,Database,127,0.898550724637681,0.976377952755906,0.935849056603774
cross_session__matched_flow_stats__random_forest,s2_to_s1,outer,5,Download,283,0.332599118942731,0.53356890459364,0.409769335142469
cross_session__matched_flow_stats__random_forest,s2_to_s1,outer,6,Email,219,0.983050847457627,0.794520547945205,0.878787878787879
cross_session__matched_flow_stats__random_forest,s2_to_s1,outer,7,Network,45611,0.975620748116832,0.996711319637807,0.986053270865868
cross_session__matched_flow_stats__random_forest,s2_to_s1,outer,8,SocialNetwork,2406,0.87645407139992,0.908146300914381,0.892018779342723
cross_session__matched_flow_stats__random_forest,s2_to_s1,outer,9,SoftwareUpdate,360,0.596774193548387,0.513888888888889,0.552238805970149
cross_session__matched_flow_stats__random_forest,s2_to_s1,outer,10,System,768,1,0.0104166666666667,0.0206185567010309
cross_session__matched_flow_stats__random_forest,s2_to_s1,outer,11,Unspecified,2366,0.944329896907216,0.967878275570583,0.955959089960342
cross_session__matched_flow_stats__random_forest,s2_to_s1,outer,12,VoIP,806,0.692503176620076,0.676178660049628,0.684243565599498
cross_session__matched_flow_stats__random_forest,s2_to_s1,outer,13,Web,61588,0.958985340141657,0.945314022212119,0.952100606714746
cross_session__matched_flow_stats__xgboost,s1_to_s2,inner,0,Chat,2094,0.758490566037736,0.767908309455587,0.763170384432843
cross_session__matched_flow_stats__xgboost,s1_to_s2,inner,1,Cloud,2573,0.82080723729993,0.916828604741547,0.866164861391592
cross_session__matched_flow_stats__xgboost,s1_to_s2,inner,2,Collaborative,3558,0.402488108305891,0.618324901630129,0.48758865248227
cross_session__matched_flow_stats__xgboost,s1_to_s2,inner,3,ConnCheck,92,0.731481481481482,0.858695652173913,0.79
cross_session__matched_flow_stats__xgboost,s1_to_s2,inner,4,Database,200,0.946341463414634,0.97,0.958024691358025
cross_session__matched_flow_stats__xgboost,s1_to_s2,inner,5,Download,368,0.834319526627219,0.766304347826087,0.798866855524079
cross_session__matched_flow_stats__xgboost,s1_to_s2,inner,6,Email,172,0.833333333333333,0.668604651162791,0.741935483870968
cross_session__matched_flow_stats__xgboost,s1_to_s2,inner,7,Network,38836,0.999328876384192,0.996884334122979,0.998105108472872
cross_session__matched_flow_stats__xgboost,s1_to_s2,inner,8,SocialNetwork,1477,0.960090361445783,0.863236289776574,0.909090909090909
cross_session__matched_flow_stats__xgboost,s1_to_s2,inner,9,SoftwareUpdate,377,0.811550151975684,0.708222811671088,0.756373937677054
cross_session__matched_flow_stats__xgboost,s1_to_s2,inner,10,System,462,0.997821350762527,0.991341991341991,0.99457111834962
cross_session__matched_flow_stats__xgboost,s1_to_s2,inner,11,Unspecified,3314,0.976075105996366,0.972540736270368,0.974304715840387
cross_session__matched_flow_stats__xgboost,s1_to_s2,inner,12,VoIP,763,0.458492975734355,0.941022280471822,0.616573636753972
cross_session__matched_flow_stats__xgboost,s1_to_s2,inner,13,Web,49102,0.966561813246003,0.913649138527962,0.939360944763181
cross_session__matched_flow_stats__xgboost,s1_to_s2,outer,0,Chat,2094,0.708217913204063,0.732569245463228,0.72018779342723
cross_session__matched_flow_stats__xgboost,s1_to_s2,outer,1,Cloud,2573,0.942354665363947,0.749708511465216,0.835064935064935
cross_session__matched_flow_stats__xgboost,s1_to_s2,outer,2,Collaborative,3558,0.520325203252033,0.539629005059022,0.529801324503311
cross_session__matched_flow_stats__xgboost,s1_to_s2,outer,3,ConnCheck,92,0.531531531531532,0.641304347826087,0.58128078817734
cross_session__matched_flow_stats__xgboost,s1_to_s2,outer,4,Database,200,0.894009216589862,0.97,0.930455635491607
cross_session__matched_flow_stats__xgboost,s1_to_s2,outer,5,Download,368,0.699421965317919,0.657608695652174,0.677871148459384
cross_session__matched_flow_stats__xgboost,s1_to_s2,outer,6,Email,172,0.873015873015873,0.63953488372093,0.738255033557047
cross_session__matched_flow_stats__xgboost,s1_to_s2,outer,7,Network,38836,0.991204834769191,0.99245545370275,0.991829750003217
cross_session__matched_flow_stats__xgboost,s1_to_s2,outer,8,SocialNetwork,1477,0.917655268667132,0.890318212593094,0.903780068728522
cross_session__matched_flow_stats__xgboost,s1_to_s2,outer,9,SoftwareUpdate,377,0.761467889908257,0.440318302387268,0.557983193277311
cross_session__matched_flow_stats__xgboost,s1_to_s2,outer,10,System,462,1,0.00216450216450216,0.00431965442764579
cross_session__matched_flow_stats__xgboost,s1_to_s2,outer,11,Unspecified,3314,0.978924862553451,0.967109233554617,0.972981177899211
cross_session__matched_flow_stats__xgboost,s1_to_s2,outer,12,VoIP,763,0.399375,0.837483617300131,0.540837917900973
cross_session__matched_flow_stats__xgboost,s1_to_s2,outer,13,Web,49102,0.948350042618825,0.95167202965256,0.950008132064731
cross_session__matched_flow_stats__xgboost,s2_to_s1,inner,0,Chat,1891,0.575322283609576,0.826017979904812,0.678245766391663
cross_session__matched_flow_stats__xgboost,s2_to_s1,inner,1,Cloud,3205,0.885092127303183,0.824336973478939,0.853634894991922
cross_session__matched_flow_stats__xgboost,s2_to_s1,inner,2,Collaborative,3074,0.607354315986289,0.634027325959662,0.620404265478275
cross_session__matched_flow_stats__xgboost,s2_to_s1,inner,3,ConnCheck,189,0.827814569536424,0.661375661375661,0.735294117647059
cross_session__matched_flow_stats__xgboost,s2_to_s1,inner,4,Database,127,0.976377952755906,0.976377952755906,0.976377952755906
cross_session__matched_flow_stats__xgboost,s2_to_s1,inner,5,Download,283,0.463894967177243,0.749116607773852,0.572972972972973
cross_session__matched_flow_stats__xgboost,s2_to_s1,inner,6,Email,219,0.977777777777778,0.80365296803653,0.882205513784461
cross_session__matched_flow_stats__xgboost,s2_to_s1,inner,7,Network,45611,0.997982411894998,0.997719848282213,0.997851112816577
cross_session__matched_flow_stats__xgboost,s2_to_s1,inner,8,SocialNetwork,2406,0.920674064940403,0.931005818786367,0.925811117999587
cross_session__matched_flow_stats__xgboost,s2_to_s1,inner,9,SoftwareUpdate,360,0.780487804878049,0.711111111111111,0.744186046511628
cross_session__matched_flow_stats__xgboost,s2_to_s1,inner,10,System,768,0.994818652849741,1,0.997402597402597
cross_session__matched_flow_stats__xgboost,s2_to_s1,inner,11,Unspecified,2366,0.974786324786325,0.96407438715131,0.969400764980875
cross_session__matched_flow_stats__xgboost,s2_to_s1,inner,12,VoIP,806,0.895483870967742,0.861042183622829,0.877925363693865
cross_session__matched_flow_stats__xgboost,s2_to_s1,inner,13,Web,61588,0.965851172273191,0.953838410079886,0.959807205293685
cross_session__matched_flow_stats__xgboost,s2_to_s1,outer,0,Chat,1891,0.559675550405562,0.766261237440508,0.646875
cross_session__matched_flow_stats__xgboost,s2_to_s1,outer,1,Cloud,3205,0.875143184421535,0.715132605304212,0.787087912087912
cross_session__matched_flow_stats__xgboost,s2_to_s1,outer,2,Collaborative,3074,0.49807178878671,0.54619388418998,0.521024049650892
cross_session__matched_flow_stats__xgboost,s2_to_s1,outer,3,ConnCheck,189,0.724409448818898,0.486772486772487,0.582278481012658
cross_session__matched_flow_stats__xgboost,s2_to_s1,outer,4,Database,127,0.861111111111111,0.976377952755906,0.915129151291513
cross_session__matched_flow_stats__xgboost,s2_to_s1,outer,5,Download,283,0.317857142857143,0.628975265017668,0.422301304863582
cross_session__matched_flow_stats__xgboost,s2_to_s1,outer,6,Email,219,0.877862595419847,0.525114155251142,0.657142857142857
cross_session__matched_flow_stats__xgboost,s2_to_s1,outer,7,Network,45611,0.989648935474733,0.995680866457653,0.992655737704918
cross_session__matched_flow_stats__xgboost,s2_to_s1,outer,8,SocialNetwork,2406,0.903413821815154,0.901911886949293,0.902662229617304
cross_session__matched_flow_stats__xgboost,s2_to_s1,outer,9,SoftwareUpdate,360,0.702205882352941,0.530555555555556,0.604430379746835
cross_session__matched_flow_stats__xgboost,s2_to_s1,outer,10,System,768,0.666666666666667,0.00520833333333333,0.0103359173126615
cross_session__matched_flow_stats__xgboost,s2_to_s1,outer,11,Unspecified,2366,0.939519469759735,0.958579881656805,0.948953974895397
cross_session__matched_flow_stats__xgboost,s2_to_s1,outer,12,VoIP,806,0.682716049382716,0.686104218362283,0.684405940594059
cross_session__matched_flow_stats__xgboost,s2_to_s1,outer,13,Web,61588,0.953670462483146,0.953221406767552,0.953445881751078
cross_session__prefix_stats__random_forest,s1_to_s2,inner,0,Chat,2094,0.696581196581197,0.778414517669532,0.735227785295444
cross_session__prefix_stats__random_forest,s1_to_s2,inner,1,Cloud,2573,0.863306744017404,0.92537893509522,0.893265803789158
cross_session__prefix_stats__random_forest,s1_to_s2,inner,2,Collaborative,3558,0.548849797023004,0.569983136593592,0.559216875775541
cross_session__prefix_stats__random_forest,s1_to_s2,inner,3,ConnCheck,92,0.723809523809524,0.826086956521739,0.771573604060914
cross_session__prefix_stats__random_forest,s1_to_s2,inner,4,Database,200,0.97,0.97,0.97
cross_session__prefix_stats__random_forest,s1_to_s2,inner,5,Download,368,0.762057877813505,0.644021739130435,0.698085419734904
cross_session__prefix_stats__random_forest,s1_to_s2,inner,6,Email,172,0.807142857142857,0.656976744186046,0.724358974358974
cross_session__prefix_stats__random_forest,s1_to_s2,inner,7,Network,38836,0.999458525642678,0.998094551447111,0.998776072868756
cross_session__prefix_stats__random_forest,s1_to_s2,inner,8,SocialNetwork,1477,0.954443614637789,0.865267433987813,0.907670454545455
cross_session__prefix_stats__random_forest,s1_to_s2,inner,9,SoftwareUpdate,377,0.797385620915033,0.647214854111406,0.714494875549048
cross_session__prefix_stats__random_forest,s1_to_s2,inner,10,System,462,0.982905982905983,0.995670995670996,0.989247311827957
cross_session__prefix_stats__random_forest,s1_to_s2,inner,11,Unspecified,3314,0.975617189881134,0.965902232951116,0.970735405610311
cross_session__prefix_stats__random_forest,s1_to_s2,inner,12,VoIP,763,0.648250460405157,0.922673656618611,0.761492698756084
cross_session__prefix_stats__random_forest,s1_to_s2,inner,13,Web,49102,0.957798089591568,0.947537778501894,0.952640307950613
cross_session__prefix_stats__random_forest,s1_to_s2,outer,0,Chat,2094,0.663731656184486,0.755969436485196,0.706854208528689
cross_session__prefix_stats__random_forest,s1_to_s2,outer,1,Cloud,2573,0.909452296819788,0.800233190827827,0.85135414513128
cross_session__prefix_stats__random_forest,s1_to_s2,outer,2,Collaborative,3558,0.559139784946237,0.511523327712198,0.534272713929253
cross_session__prefix_stats__random_forest,s1_to_s2,outer,3,ConnCheck,92,0.571428571428571,0.391304347826087,0.464516129032258
cross_session__prefix_stats__random_forest,s1_to_s2,outer,4,Database,200,0.946341463414634,0.97,0.958024691358025
cross_session__prefix_stats__random_forest,s1_to_s2,outer,5,Download,368,0.594752186588921,0.554347826086957,0.573839662447257
cross_session__prefix_stats__random_forest,s1_to_s2,outer,6,Email,172,0.76551724137931,0.645348837209302,0.700315457413249
cross_session__prefix_stats__random_forest,s1_to_s2,outer,7,Network,38836,0.985918003565062,0.996935832732516,0.991396307582004
cross_session__prefix_stats__random_forest,s1_to_s2,outer,8,SocialNetwork,1477,0.929228591648974,0.888964116452268,0.908650519031142
cross_session__prefix_stats__random_forest,s1_to_s2,outer,9,SoftwareUpdate,377,0.693693693693694,0.408488063660477,0.514190317195326
cross_session__prefix_stats__random_forest,s1_to_s2,outer,10,System,462,0.233333333333333,0.0151515151515152,0.0284552845528455
cross_session__prefix_stats__random_forest,s1_to_s2,outer,11,Unspecified,3314,0.979950647748304,0.958660229330115,0.969188529591214
cross_session__prefix_stats__random_forest,s1_to_s2,outer,12,VoIP,763,0.522138680033417,0.81913499344692,0.637755102040816
cross_session__prefix_stats__random_forest,s1_to_s2,outer,13,Web,49102,0.947582769380395,0.952445928882734,0.950008125457057
cross_session__prefix_stats__random_forest,s2_to_s1,inner,0,Chat,1891,0.566093006224826,0.817556848228451,0.668974469926439
cross_session__prefix_stats__random_forest,s2_to_s1,inner,1,Cloud,3205,0.86735684244581,0.836505460218409,0.851651842439644
cross_session__prefix_stats__random_forest,s2_to_s1,inner,2,Collaborative,3074,0.58357515960534,0.654196486662329,0.616871165644172
cross_session__prefix_stats__random_forest,s2_to_s1,inner,3,ConnCheck,189,0.844444444444444,0.603174603174603,0.703703703703704
cross_session__prefix_stats__random_forest,s2_to_s1,inner,4,Database,127,0.96875,0.976377952755906,0.972549019607843
cross_session__prefix_stats__random_forest,s2_to_s1,inner,5,Download,283,0.618122977346278,0.674911660777385,0.64527027027027
cross_session__prefix_stats__random_forest,s2_to_s1,inner,6,Email,219,0.93717277486911,0.817351598173516,0.873170731707317
cross_session__prefix_stats__random_forest,s2_to_s1,inner,7,Network,45611,0.997828518786603,0.997390980245993,0.997609701541633
cross_session__prefix_stats__random_forest,s2_to_s1,inner,8,SocialNetwork,2406,0.885568226504129,0.935993349958437,0.910082845019196
cross_session__prefix_stats__random_forest,s2_to_s1,inner,9,SoftwareUpdate,360,0.786407766990291,0.675,0.726457399103139
cross_session__prefix_stats__random_forest,s2_to_s1,inner,10,System,768,0.988416988416988,1,0.994174757281553
cross_session__prefix_stats__random_forest,s2_to_s1,inner,11,Unspecified,2366,0.94453642384106,0.964497041420118,0.954412379757424
cross_session__prefix_stats__random_forest,s2_to_s1,inner,12,VoIP,806,0.840153452685422,0.815136476426799,0.827455919395466
cross_session__prefix_stats__random_forest,s2_to_s1,inner,13,Web,61588,0.965918867050493,0.947976878612717,0.956863773436476
cross_session__prefix_stats__random_forest,s2_to_s1,outer,0,Chat,1891,0.547271329746349,0.753040719196193,0.633874916536835
cross_session__prefix_stats__random_forest,s2_to_s1,outer,1,Cloud,3205,0.87133431085044,0.741653666146646,0.801280970841059
cross_session__prefix_stats__random_forest,s2_to_s1,outer,2,Collaborative,3074,0.522121300908292,0.579700715679896,0.549406505318329
cross_session__prefix_stats__random_forest,s2_to_s1,outer,3,ConnCheck,189,0.829787234042553,0.412698412698413,0.551236749116608
cross_session__prefix_stats__random_forest,s2_to_s1,outer,4,Database,127,0.892086330935252,0.976377952755906,0.932330827067669
cross_session__prefix_stats__random_forest,s2_to_s1,outer,5,Download,283,0.402173913043478,0.522968197879859,0.45468509984639
cross_session__prefix_stats__random_forest,s2_to_s1,outer,6,Email,219,0.941176470588235,0.730593607305936,0.822622107969152
cross_session__prefix_stats__random_forest,s2_to_s1,outer,7,Network,45611,0.979528950373866,0.996623621494815,0.98800234736682
cross_session__prefix_stats__random_forest,s2_to_s1,outer,8,SocialNetwork,2406,0.876440206595153,0.916874480465503,0.896201503148487
cross_session__prefix_stats__random_forest,s2_to_s1,outer,9,SoftwareUpdate,360,0.634868421052632,0.536111111111111,0.581325301204819
cross_session__prefix_stats__random_forest,s2_to_s1,outer,10,System,768,0.8,0.0104166666666667,0.0205655526992288
cross_session__prefix_stats__random_forest,s2_to_s1,outer,11,Unspecified,2366,0.938398357289528,0.965765004226543,0.951885023953343
cross_session__prefix_stats__random_forest,s2_to_s1,outer,12,VoIP,806,0.70013037809648,0.666253101736973,0.682771773680865
cross_session__prefix_stats__random_forest,s2_to_s1,outer,13,Web,61588,0.957104645629236,0.947018899785673,0.952035061659879
cross_session__prefix_stats__xgboost,s1_to_s2,inner,0,Chat,2094,0.73519963285911,0.765042979942693,0.749824479288556
cross_session__prefix_stats__xgboost,s1_to_s2,inner,1,Cloud,2573,0.795583807293409,0.924212980956082,0.855088097806544
cross_session__prefix_stats__xgboost,s1_to_s2,inner,2,Collaborative,3558,0.407729994556342,0.631534569983137,0.495534237512405
cross_session__prefix_stats__xgboost,s1_to_s2,inner,3,ConnCheck,92,0.695652173913043,0.869565217391304,0.772946859903382
cross_session__prefix_stats__xgboost,s1_to_s2,inner,4,Database,200,0.96039603960396,0.97,0.965174129353234
cross_session__prefix_stats__xgboost,s1_to_s2,inner,5,Download,368,0.803738317757009,0.701086956521739,0.748911465892598
cross_session__prefix_stats__xgboost,s1_to_s2,inner,6,Email,172,0.575757575757576,0.662790697674419,0.616216216216216
cross_session__prefix_stats__xgboost,s1_to_s2,inner,7,Network,38836,0.99917406566178,0.996807086208672,0.997989172467131
cross_session__prefix_stats__xgboost,s1_to_s2,inner,8,SocialNetwork,1477,0.953731343283582,0.865267433987813,0.907348242811502
cross_session__prefix_stats__xgboost,s1_to_s2,inner,9,SoftwareUpdate,377,0.8328173374613,0.713527851458886,0.768571428571429
cross_session__prefix_stats__xgboost,s1_to_s2,inner,10,System,462,0.997816593886463,0.989177489177489,0.993478260869565
cross_session__prefix_stats__xgboost,s1_to_s2,inner,11,Unspecified,3314,0.947290930506478,0.970730235365118,0.958867362146051
cross_session__prefix_stats__xgboost,s1_to_s2,inner,12,VoIP,763,0.610875106202209,0.942332896461337,0.741237113402062
cross_session__prefix_stats__xgboost,s1_to_s2,inner,13,Web,49102,0.965370948637881,0.912936336605434,0.938421763295896
cross_session__prefix_stats__xgboost,s1_to_s2,outer,0,Chat,2094,0.692100538599641,0.736389684813754,0.713558537714021
cross_session__prefix_stats__xgboost,s1_to_s2,outer,1,Cloud,2573,0.926258992805755,0.600466381655655,0.728601744871493
cross_session__prefix_stats__xgboost,s1_to_s2,outer,2,Collaborative,3558,0.502322880371661,0.486228218100056,0.494144530134247
cross_session__prefix_stats__xgboost,s1_to_s2,outer,3,ConnCheck,92,0.491803278688525,0.652173913043478,0.560747663551402
cross_session__prefix_stats__xgboost,s1_to_s2,outer,4,Database,200,0.915094339622642,0.97,0.941747572815534
cross_session__prefix_stats__xgboost,s1_to_s2,outer,5,Download,368,0.673780487804878,0.60054347826087,0.635057471264368
cross_session__prefix_stats__xgboost,s1_to_s2,outer,6,Email,172,0.548717948717949,0.622093023255814,0.583106267029973
cross_session__prefix_stats__xgboost,s1_to_s2,outer,7,Network,38836,0.9914063706067,0.992172211350294,0.991789143136599
cross_session__prefix_stats__xgboost,s1_to_s2,outer,8,SocialNetwork,1477,0.918881118881119,0.889641164522681,0.904024767801858
cross_session__prefix_stats__xgboost,s1_to_s2,outer,9,SoftwareUpdate,377,0.71,0.376657824933687,0.492201039861352
cross_session__prefix_stats__xgboost,s1_to_s2,outer,10,System,462,0,0,0
cross_session__prefix_stats__xgboost,s1_to_s2,outer,11,Unspecified,3314,0.958082026537998,0.958660229330115,0.958371040723982
cross_session__prefix_stats__xgboost,s1_to_s2,outer,12,VoIP,763,0.484162895927602,0.841415465268676,0.614648157012925
cross_session__prefix_stats__xgboost,s1_to_s2,outer,13,Web,49102,0.937166603400396,0.955317502342063,0.94615500983309
cross_session__prefix_stats__xgboost,s2_to_s1,inner,0,Chat,1891,0.568191015783084,0.74246430460074,0.643741403026135
cross_session__prefix_stats__xgboost,s2_to_s1,inner,1,Cloud,3205,0.892091152815013,0.830577223088924,0.860235902407497
cross_session__prefix_stats__xgboost,s2_to_s1,inner,2,Collaborative,3074,0.613832853025937,0.623617436564736,0.618686461190899
cross_session__prefix_stats__xgboost,s2_to_s1,inner,3,ConnCheck,189,0.826666666666667,0.656084656084656,0.731563421828909
cross_session__prefix_stats__xgboost,s2_to_s1,inner,4,Database,127,0.984126984126984,0.976377952755906,0.980237154150198
cross_session__prefix_stats__xgboost,s2_to_s1,inner,5,Download,283,0.641196013289037,0.681978798586572,0.660958904109589
cross_session__prefix_stats__xgboost,s2_to_s1,inner,6,Email,219,0.952127659574468,0.817351598173516,0.87960687960688
cross_session__prefix_stats__xgboost,s2_to_s1,inner,7,Network,45611,0.99815704600803,0.997456753853237,0.997806777058888
cross_session__prefix_stats__xgboost,s2_to_s1,inner,8,SocialNetwork,2406,0.910235580828595,0.93142144638404,0.920706655710764
cross_session__prefix_stats__xgboost,s2_to_s1,inner,9,SoftwareUpdate,360,0.776785714285714,0.725,0.75
cross_session__prefix_stats__xgboost,s2_to_s1,inner,10,System,768,0.994818652849741,1,0.997402597402597
cross_session__prefix_stats__xgboost,s2_to_s1,inner,11,Unspecified,2366,0.973168654173765,0.965765004226543,0.969452694102673
cross_session__prefix_stats__xgboost,s2_to_s1,inner,12,VoIP,806,0.915646258503401,0.834987593052109,0.873458792991564
cross_session__prefix_stats__xgboost,s2_to_s1,inner,13,Web,61588,0.963240810202551,0.959017990517633,0.961124762013246
cross_session__prefix_stats__xgboost,s2_to_s1,outer,0,Chat,1891,0.538150581101566,0.563194077207827,0.550387596899225
cross_session__prefix_stats__xgboost,s2_to_s1,outer,1,Cloud,3205,0.881311228334589,0.729797191887676,0.798429766171702
cross_session__prefix_stats__xgboost,s2_to_s1,outer,2,Collaborative,3074,0.532839665164198,0.538386467143787,0.535598705501618
cross_session__prefix_stats__xgboost,s2_to_s1,outer,3,ConnCheck,189,0.756521739130435,0.46031746031746,0.572368421052632
cross_session__prefix_stats__xgboost,s2_to_s1,outer,4,Database,127,0.873239436619718,0.976377952755906,0.921933085501859
cross_session__prefix_stats__xgboost,s2_to_s1,outer,5,Download,283,0.38498789346247,0.561837455830389,0.456896551724138
cross_session__prefix_stats__xgboost,s2_to_s1,outer,6,Email,219,0.882882882882883,0.447488584474886,0.593939393939394
cross_session__prefix_stats__xgboost,s2_to_s1,outer,7,Network,45611,0.989181070138012,0.996272828922848,0.992714284153841
cross_session__prefix_stats__xgboost,s2_to_s1,outer,8,SocialNetwork,2406,0.898931799506984,0.909393183707398,0.904132231404959
cross_session__prefix_stats__xgboost,s2_to_s1,outer,9,SoftwareUpdate,360,0.699604743083004,0.491666666666667,0.577487765089723
cross_session__prefix_stats__xgboost,s2_to_s1,outer,10,System,768,0.8,0.00520833333333333,0.0103492884864166
cross_session__prefix_stats__xgboost,s2_to_s1,outer,11,Unspecified,2366,0.944329040299128,0.960693153000845,0.952440812905929
cross_session__prefix_stats__xgboost,s2_to_s1,outer,12,VoIP,806,0.706593406593407,0.797766749379653,0.749417249417249
cross_session__prefix_stats__xgboost,s2_to_s1,outer,13,Web,61588,0.94736167622465,0.9602519971423,0.953763284790427
cross_session__sequential_splt__cnn1d,s1_to_s2,inner,0,Chat,2094,0.749272349272349,0.860553963705826,0.80106690375639
cross_session__sequential_splt__cnn1d,s1_to_s2,inner,1,Cloud,2573,0.899891186071817,0.964244073066459,0.930956848030019
cross_session__sequential_splt__cnn1d,s1_to_s2,inner,2,Collaborative,3558,0.577814965335883,0.679314221472737,0.624467123110709
cross_session__sequential_splt__cnn1d,s1_to_s2,inner,3,ConnCheck,92,0.640287769784173,0.967391304347826,0.770562770562771
cross_session__sequential_splt__cnn1d,s1_to_s2,inner,4,Database,200,0.945812807881773,0.96,0.952853598014888
cross_session__sequential_splt__cnn1d,s1_to_s2,inner,5,Download,368,0.686230248306998,0.826086956521739,0.749691738594328
cross_session__sequential_splt__cnn1d,s1_to_s2,inner,6,Email,172,0.578059071729958,0.796511627906977,0.669926650366748
cross_session__sequential_splt__cnn1d,s1_to_s2,inner,7,Network,38836,0.999505555989278,0.988979297558966,0.994214565833581
cross_session__sequential_splt__cnn1d,s1_to_s2,inner,8,SocialNetwork,1477,0.965400271370421,0.963439404197698,0.964418841070823
cross_session__sequential_splt__cnn1d,s1_to_s2,inner,9,SoftwareUpdate,377,0.729559748427673,0.923076923076923,0.814988290398126
cross_session__sequential_splt__cnn1d,s1_to_s2,inner,10,System,462,0.785837651122625,0.984848484848485,0.874159462055716
cross_session__sequential_splt__cnn1d,s1_to_s2,inner,11,Unspecified,3314,0.961584276354973,0.974351237175619,0.967925659472422
cross_session__sequential_splt__cnn1d,s1_to_s2,inner,12,VoIP,763,0.38874137015401,0.959370904325033,0.55328798185941
cross_session__sequential_splt__cnn1d,s1_to_s2,inner,13,Web,49102,0.988509920338295,0.942629628121054,0.965024758926245
cross_session__sequential_splt__cnn1d,s1_to_s2,outer,0,Chat,2094,0.763258379295715,0.859121298949379,0.808357672433161
cross_session__sequential_splt__cnn1d,s1_to_s2,outer,1,Cloud,2573,0.864948453608247,0.978235522736106,0.918110523436075
cross_session__sequential_splt__cnn1d,s1_to_s2,outer,2,Collaborative,3558,0.64070351758794,0.645025295109612,0.642857142857143
cross_session__sequential_splt__cnn1d,s1_to_s2,outer,3,ConnCheck,92,0.442786069651741,0.967391304347826,0.607508532423208
cross_session__sequential_splt__cnn1d,s1_to_s2,outer,4,Database,200,0.955223880597015,0.96,0.957605985037406
cross_session__sequential_splt__cnn1d,s1_to_s2,outer,5,Download,368,0.717444717444717,0.793478260869565,0.753548387096774
cross_session__sequential_splt__cnn1d,s1_to_s2,outer,6,Email,172,0.583690987124464,0.790697674418605,0.671604938271605
cross_session__sequential_splt__cnn1d,s1_to_s2,outer,7,Network,38836,0.999451109542853,0.984601915748275,0.991970944938063
cross_session__sequential_splt__cnn1d,s1_to_s2,outer,8,SocialNetwork,1477,0.973883161512027,0.95937711577522,0.966575716234652
cross_session__sequential_splt__cnn1d,s1_to_s2,outer,9,SoftwareUpdate,377,0.737668161434978,0.872679045092838,0.79951397326853
cross_session__sequential_splt__cnn1d,s1_to_s2,outer,10,System,462,0.646306818181818,0.984848484848485,0.780445969125214
cross_session__sequential_splt__cnn1d,s1_to_s2,outer,11,Unspecified,3314,0.953900709219858,0.974049487024743,0.963869811884145
cross_session__sequential_splt__cnn1d,s1_to_s2,outer,12,VoIP,763,0.368211260587942,0.968545216251638,0.533574007220217
cross_session__sequential_splt__cnn1d,s1_to_s2,outer,13,Web,49102,0.986600905973498,0.949228137346748,0.967553765673005
cross_session__sequential_splt__cnn1d,s2_to_s1,inner,0,Chat,1891,0.610201042442293,0.866737176097303,0.716189643871532
cross_session__sequential_splt__cnn1d,s2_to_s1,inner,1,Cloud,3205,0.825732899022801,0.949141965678627,0.883147046015387
cross_session__sequential_splt__cnn1d,s2_to_s1,inner,2,Collaborative,3074,0.524119682475066,0.837670787247885,0.644797796419181
cross_session__sequential_splt__cnn1d,s2_to_s1,inner,3,ConnCheck,189,0.718181818181818,0.835978835978836,0.772616136919315
cross_session__sequential_splt__cnn1d,s2_to_s1,inner,4,Database,127,0.975609756097561,0.94488188976378,0.96
cross_session__sequential_splt__cnn1d,s2_to_s1,inner,5,Download,283,0.557575757575758,0.65017667844523,0.600326264274062
cross_session__sequential_splt__cnn1d,s2_to_s1,inner,6,Email,219,0.757575757575758,0.91324200913242,0.82815734989648
cross_session__sequential_splt__cnn1d,s2_to_s1,inner,7,Network,45611,0.998457266275841,0.993269167525378,0.99585645985602
cross_session__sequential_splt__cnn1d,s2_to_s1,inner,8,SocialNetwork,2406,0.917302288237656,0.949709060681629,0.933224423116194
cross_session__sequential_splt__cnn1d,s2_to_s1,inner,9,SoftwareUpdate,360,0.640625,0.911111111111111,0.752293577981651
cross_session__sequential_splt__cnn1d,s2_to_s1,inner,10,System,768,0.910714285714286,0.99609375,0.951492537313433
cross_session__sequential_splt__cnn1d,s2_to_s1,inner,11,Unspecified,2366,0.950663349917081,0.969146238377008,0.959815822519883
cross_session__sequential_splt__cnn1d,s2_to_s1,inner,12,VoIP,806,0.551803530314658,0.892059553349876,0.681839734471313
cross_session__sequential_splt__cnn1d,s2_to_s1,inner,13,Web,61588,0.987980810862299,0.926268104176138,0.956129691860319
cross_session__sequential_splt__cnn1d,s2_to_s1,outer,0,Chat,1891,0.589961117002474,0.882601797990481,0.707203389830508
cross_session__sequential_splt__cnn1d,s2_to_s1,outer,1,Cloud,3205,0.798279906176701,0.955694227769111,0.869923317239421
cross_session__sequential_splt__cnn1d,s2_to_s1,outer,2,Collaborative,3074,0.569611470860314,0.801236174365647,0.665855636658556
cross_session__sequential_splt__cnn1d,s2_to_s1,outer,3,ConnCheck,189,0.625498007968127,0.830687830687831,0.713636363636364
cross_session__sequential_splt__cnn1d,s2_to_s1,outer,4,Database,127,0.32258064516129,0.94488188976378,0.480961923847695
cross_session__sequential_splt__cnn1d,s2_to_s1,outer,5,Download,283,0.554858934169279,0.625441696113074,0.588039867109635
cross_session__sequential_splt__cnn1d,s2_to_s1,outer,6,Email,219,0.769230769230769,0.91324200913242,0.835073068893528
cross_session__sequential_splt__cnn1d,s2_to_s1,outer,7,Network,45611,0.998473822742253,0.989717392734209,0.994076325119464
cross_session__sequential_splt__cnn1d,s2_to_s1,outer,8,SocialNetwork,2406,0.921711057304278,0.949293433083957,0.935298935298935
cross_session__sequential_splt__cnn1d,s2_to_s1,outer,9,SoftwareUpdate,360,0.667355371900826,0.897222222222222,0.765402843601896
cross_session__sequential_splt__cnn1d,s2_to_s1,outer,10,System,768,0.909631391200951,0.99609375,0.950901180857676
cross_session__sequential_splt__cnn1d,s2_to_s1,outer,11,Unspecified,2366,0.95192706174886,0.97083685545224,0.961288972588408
cross_session__sequential_splt__cnn1d,s2_to_s1,outer,12,VoIP,806,0.460702875399361,0.89454094292804,0.608182201602699
cross_session__sequential_splt__cnn1d,s2_to_s1,outer,13,Web,61588,0.987332998319153,0.925147756056375,0.95522938548329
cross_session__sequential_splt__lstm,s1_to_s2,inner,0,Chat,2094,0.712534598655595,0.860553963705826,0.779580359074194
cross_session__sequential_splt__lstm,s1_to_s2,inner,1,Cloud,2573,0.881028938906752,0.958414302370773,0.918093819806404
cross_session__sequential_splt__lstm,s1_to_s2,inner,2,Collaborative,3558,0.551047120418848,0.709949409780776,0.620486366985999
cross_session__sequential_splt__lstm,s1_to_s2,inner,3,ConnCheck,92,0.463541666666667,0.967391304347826,0.626760563380282
cross_session__sequential_splt__lstm,s1_to_s2,inner,4,Database,200,0.945812807881773,0.96,0.952853598014888
cross_session__sequential_splt__lstm,s1_to_s2,inner,5,Download,368,0.654661016949153,0.839673913043478,0.735714285714286
cross_session__sequential_splt__lstm,s1_to_s2,inner,6,Email,172,0.597014925373134,0.697674418604651,0.64343163538874
cross_session__sequential_splt__lstm,s1_to_s2,inner,7,Network,38836,0.999272027662949,0.989674528787723,0.994450122252552
cross_session__sequential_splt__lstm,s1_to_s2,inner,8,SocialNetwork,1477,0.957718120805369,0.96614759647935,0.961914391641389
cross_session__sequential_splt__lstm,s1_to_s2,inner,9,SoftwareUpdate,377,0.784869976359338,0.880636604774536,0.83
cross_session__sequential_splt__lstm,s1_to_s2,inner,10,System,462,0.908730158730159,0.991341991341991,0.94824016563147
cross_session__sequential_splt__lstm,s1_to_s2,inner,11,Unspecified,3314,0.955082742316785,0.975256487628244,0.96506419826814
cross_session__sequential_splt__lstm,s1_to_s2,inner,12,VoIP,763,0.397808219178082,0.951507208387942,0.561051004636785
cross_session__sequential_splt__lstm,s1_to_s2,inner,13,Web,49102,0.986700921867916,0.930776750437864,0.957923308286436
cross_session__sequential_splt__lstm,s1_to_s2,outer,0,Chat,2094,0.662691017517704,0.84909264565425,0.744400251203684
cross_session__sequential_splt__lstm,s1_to_s2,outer,1,Cloud,2573,0.902349486049927,0.955305091333074,0.928072493864452
cross_session__sequential_splt__lstm,s1_to_s2,outer,2,Collaborative,3558,0.638128157404945,0.674536256323777,0.655827298811313
cross_session__sequential_splt__lstm,s1_to_s2,outer,3,ConnCheck,92,0.183673469387755,0.978260869565217,0.309278350515464
cross_session__sequential_splt__lstm,s1_to_s2,outer,4,Database,200,0.91866028708134,0.96,0.938875305623472
cross_session__sequential_splt__lstm,s1_to_s2,outer,5,Download,368,0.534722222222222,0.209239130434783,0.30078125
cross_session__sequential_splt__lstm,s1_to_s2,outer,6,Email,172,0.280660377358491,0.691860465116279,0.399328859060403
cross_session__sequential_splt__lstm,s1_to_s2,outer,7,Network,38836,0.999190410279178,0.985168400453188,0.992129863731248
cross_session__sequential_splt__lstm,s1_to_s2,outer,8,SocialNetwork,1477,0.917670682730924,0.928232904536222,0.922921575227196
cross_session__sequential_splt__lstm,s1_to_s2,outer,9,SoftwareUpdate,377,0.876221498371335,0.713527851458886,0.786549707602339
cross_session__sequential_splt__lstm,s1_to_s2,outer,10,System,462,0.864150943396226,0.991341991341991,0.923387096774194
cross_session__sequential_splt__lstm,s1_to_s2,outer,11,Unspecified,3314,0.964951768488746,0.905552202776101,0.934308841843088
cross_session__sequential_splt__lstm,s1_to_s2,outer,12,VoIP,763,0.367850098619329,0.977719528178244,0.534575420996059
cross_session__sequential_splt__lstm,s1_to_s2,outer,13,Web,49102,0.982433835526455,0.944238523889047,0.962957578275092
cross_session__sequential_splt__lstm,s2_to_s1,inner,0,Chat,1891,0.583399840383081,0.773135906927552,0.664998862861042
cross_session__sequential_splt__lstm,s2_to_s1,inner,1,Cloud,3205,0.792343995804929,0.942901716068643,0.861091323550363
cross_session__sequential_splt__lstm,s2_to_s1,inner,2,Collaborative,3074,0.46949965729952,0.891346779440468,0.615039281705948
cross_session__sequential_splt__lstm,s2_to_s1,inner,3,ConnCheck,189,0.867052023121387,0.793650793650794,0.828729281767956
cross_session__sequential_splt__lstm,s2_to_s1,inner,4,Database,127,0.884057971014493,0.960629921259842,0.920754716981132
cross_session__sequential_splt__lstm,s2_to_s1,inner,5,Download,283,0.470862470862471,0.713780918727915,0.567415730337079
cross_session__sequential_splt__lstm,s2_to_s1,inner,6,Email,219,0.779467680608365,0.936073059360731,0.850622406639004
cross_session__sequential_splt__lstm,s2_to_s1,inner,7,Network,45611,0.998717495135326,0.99024358159216,0.994462486926845
cross_session__sequential_splt__lstm,s2_to_s1,inner,8,SocialNetwork,2406,0.848163265306122,0.863674147963425,0.855848434925865
cross_session__sequential_splt__lstm,s2_to_s1,inner,9,SoftwareUpdate,360,0.641188959660297,0.838888888888889,0.726835138387485
cross_session__sequential_splt__lstm,s2_to_s1,inner,10,System,768,0.928657799274486,1,0.963009404388715
cross_session__sequential_splt__lstm,s2_to_s1,inner,11,Unspecified,2366,0.934533551554828,0.965342349957735,0.94968814968815
cross_session__sequential_splt__lstm,s2_to_s1,inner,12,VoIP,806,0.517794836008374,0.920595533498759,0.662795891022778
cross_session__sequential_splt__lstm,s2_to_s1,inner,13,Web,61588,0.989223872725675,0.913684483990388,0.949954842031518
cross_session__sequential_splt__lstm,s2_to_s1,outer,0,Chat,1891,0.525659824046921,0.758328926493919,0.620913617666161
cross_session__sequential_splt__lstm,s2_to_s1,outer,1,Cloud,3205,0.854193548387097,0.826209048361934,0.839968279143537
cross_session__sequential_splt__lstm,s2_to_s1,outer,2,Collaborative,3074,0.502495201535509,0.851659076122316,0.632061805890874
cross_session__sequential_splt__lstm,s2_to_s1,outer,3,ConnCheck,189,0.257194244604317,0.756613756613757,0.383892617449664
cross_session__sequential_splt__lstm,s2_to_s1,outer,4,Database,127,0.865248226950355,0.960629921259842,0.91044776119403
cross_session__sequential_splt__lstm,s2_to_s1,outer,5,Download,283,0.353846153846154,0.243816254416961,0.288702928870293
cross_session__sequential_splt__lstm,s2_to_s1,outer,6,Email,219,0.806324110671937,0.931506849315068,0.864406779661017
cross_session__sequential_splt__lstm,s2_to_s1,outer,7,Network,45611,0.997843965325628,0.984258183332968,0.991004514298959
cross_session__sequential_splt__lstm,s2_to_s1,outer,8,SocialNetwork,2406,0.837995824634655,0.834164588528678,0.836075817538013
cross_session__sequential_splt__lstm,s2_to_s1,outer,9,SoftwareUpdate,360,0.770034843205575,0.613888888888889,0.683153013910355
cross_session__sequential_splt__lstm,s2_to_s1,outer,10,System,768,0.925301204819277,1,0.961201501877347
cross_session__sequential_splt__lstm,s2_to_s1,outer,11,Unspecified,2366,0.94009027492819,0.968300929839391,0.953987091401208
cross_session__sequential_splt__lstm,s2_to_s1,outer,12,VoIP,806,0.42906976744186,0.915632754342432,0.584323040380047
cross_session__sequential_splt__lstm,s2_to_s1,outer,13,Web,61588,0.982429243251624,0.926008313307787,0.953384765837227
cross_session__sequential_splt__transformer,s1_to_s2,inner,0,Chat,2094,0.521614657887203,0.870105062082139,0.652228387327725
cross_session__sequential_splt__transformer,s1_to_s2,inner,1,Cloud,2573,0.881081081081081,0.950252623396813,0.914360508601346
cross_session__sequential_splt__transformer,s1_to_s2,inner,2,Collaborative,3558,0.427056610227467,0.701798763350197,0.530994152046784
cross_session__sequential_splt__transformer,s1_to_s2,inner,3,ConnCheck,92,0.580645161290323,0.978260869565217,0.728744939271255
cross_session__sequential_splt__transformer,s1_to_s2,inner,4,Database,200,0.955223880597015,0.96,0.957605985037406
cross_session__sequential_splt__transformer,s1_to_s2,inner,5,Download,368,0.547619047619048,0.8125,0.654266958424508
cross_session__sequential_splt__transformer,s1_to_s2,inner,6,Email,172,0.626315789473684,0.691860465116279,0.657458563535912
cross_session__sequential_splt__transformer,s1_to_s2,inner,7,Network,38836,0.999216423758032,0.985065403234113,0.992090454085734
cross_session__sequential_splt__transformer,s1_to_s2,inner,8,SocialNetwork,1477,0.828206616366802,0.96614759647935,0.891875
cross_session__sequential_splt__transformer,s1_to_s2,inner,9,SoftwareUpdate,377,0.633603238866397,0.830238726790451,0.718714121699196
cross_session__sequential_splt__transformer,s1_to_s2,inner,10,System,462,0.807017543859649,0.995670995670996,0.891472868217054
cross_session__sequential_splt__transformer,s1_to_s2,inner,11,Unspecified,3314,0.94841735052755,0.976463488231744,0.96223609872138
cross_session__sequential_splt__transformer,s1_to_s2,inner,12,VoIP,763,0.351551644279759,0.99475753604194,0.519507186858316
cross_session__sequential_splt__transformer,s1_to_s2,inner,13,Web,49102,0.989985529549579,0.877785018940165,0.930515225768845
cross_session__sequential_splt__transformer,s1_to_s2,outer,0,Chat,2094,0.666666666666667,0.804202483285578,0.729004329004329
cross_session__sequential_splt__transformer,s1_to_s2,outer,1,Cloud,2573,0.814765100671141,0.943645549941702,0.874482261840447
cross_session__sequential_splt__transformer,s1_to_s2,outer,2,Collaborative,3558,0.59214501510574,0.605958403597527,0.59897207945548
cross_session__sequential_splt__transformer,s1_to_s2,outer,3,ConnCheck,92,0.360323886639676,0.967391304347826,0.525073746312684
cross_session__sequential_splt__transformer,s1_to_s2,outer,4,Database,200,0.941176470588235,0.96,0.95049504950495
cross_session__sequential_splt__transformer,s1_to_s2,outer,5,Download,368,0.57286432160804,0.619565217391304,0.595300261096606
cross_session__sequential_splt__transformer,s1_to_s2,outer,6,Email,172,0.281323877068558,0.691860465116279,0.4
cross_session__sequential_splt__transformer,s1_to_s2,outer,7,Network,38836,0.998240453805347,0.978756823565764,0.988402631510518
cross_session__sequential_splt__transformer,s1_to_s2,outer,8,SocialNetwork,1477,0.795632698768197,0.962085308056872,0.87097762794974
cross_session__sequential_splt__transformer,s1_to_s2,outer,9,SoftwareUpdate,377,0.814102564102564,0.673740053050398,0.737300435413643
cross_session__sequential_splt__transformer,s1_to_s2,outer,10,System,462,0.773109243697479,0.995670995670996,0.87038789025544
cross_session__sequential_splt__transformer,s1_to_s2,outer,11,Unspecified,3314,0.906050471267863,0.899215449607725,0.902620021202484
cross_session__sequential_splt__transformer,s1_to_s2,outer,12,VoIP,763,0.278123854891902,0.99475753604194,0.434707903780069
cross_session__sequential_splt__transformer,s1_to_s2,outer,13,Web,49102,0.981810307492421,0.923383976212782,0.951701265716505
cross_session__sequential_splt__transformer,s2_to_s1,inner,0,Chat,1891,0.452492211838006,0.921734531993654,0.606999825874978
cross_session__sequential_splt__transformer,s2_to_s1,inner,1,Cloud,3205,0.799770180982476,0.868642745709828,0.832784923721208
cross_session__sequential_splt__transformer,s2_to_s1,inner,2,Collaborative,3074,0.323734385272847,0.800910865322056,0.461091862533945
cross_session__sequential_splt__transformer,s2_to_s1,inner,3,ConnCheck,189,0.311158798283262,0.767195767195767,0.442748091603053
cross_session__sequential_splt__transformer,s2_to_s1,inner,4,Database,127,0.251546391752577,0.960629921259842,0.398692810457516
cross_session__sequential_splt__transformer,s2_to_s1,inner,5,Download,283,0.241584158415842,0.431095406360424,0.309644670050761
cross_session__sequential_splt__transformer,s2_to_s1,inner,6,Email,219,0.808764940239044,0.926940639269406,0.863829787234043
cross_session__sequential_splt__transformer,s2_to_s1,inner,7,Network,45611,0.999145837079662,0.974545613996624,0.986692416120046
cross_session__sequential_splt__transformer,s2_to_s1,inner,8,SocialNetwork,2406,0.89021164021164,0.839152119700748,0.86392811296534
cross_session__sequential_splt__transformer,s2_to_s1,inner,9,SoftwareUpdate,360,0.412935323383085,0.922222222222222,0.570446735395189
cross_session__sequential_splt__transformer,s2_to_s1,inner,10,System,768,0.729626078619367,0.990885416666667,0.840419657647708
cross_session__sequential_splt__transformer,s2_to_s1,inner,11,Unspecified,2366,0.896894904458599,0.952240067624683,0.923739237392374
cross_session__sequential_splt__transformer,s2_to_s1,inner,12,VoIP,806,0.378336755646817,0.91439205955335,0.53522149600581
cross_session__sequential_splt__transformer,s2_to_s1,inner,13,Web,61588,0.98076525336091,0.84695070468273,0.908959424254833
cross_session__sequential_splt__transformer,s2_to_s1,outer,0,Chat,1891,0.554859967051071,0.89053410893707,0.68371904181892
cross_session__sequential_splt__transformer,s2_to_s1,outer,1,Cloud,3205,0.769436997319035,0.805928237129485,0.787259981712892
cross_session__sequential_splt__transformer,s2_to_s1,outer,2,Collaborative,3074,0.574115396875996,0.585881587508133,0.579938818225729
cross_session__sequential_splt__transformer,s2_to_s1,outer,3,ConnCheck,189,0.236541598694943,0.767195767195767,0.361596009975062
cross_session__sequential_splt__transformer,s2_to_s1,outer,4,Database,127,0.252066115702479,0.960629921259842,0.399345335515548
cross_session__sequential_splt__transformer,s2_to_s1,outer,5,Download,283,0.271428571428571,0.201413427561837,0.231237322515213
cross_session__sequential_splt__transformer,s2_to_s1,outer,6,Email,219,0.805555555555556,0.926940639269406,0.861995753715499
cross_session__sequential_splt__transformer,s2_to_s1,outer,7,Network,45611,0.998569904433296,0.964460327552564,0.981218772305496
cross_session__sequential_splt__transformer,s2_to_s1,outer,8,SocialNetwork,2406,0.818447412353923,0.815045719035744,0.816743023740108
cross_session__sequential_splt__transformer,s2_to_s1,outer,9,SoftwareUpdate,360,0.543715846994536,0.552777777777778,0.548209366391185
cross_session__sequential_splt__transformer,s2_to_s1,outer,10,System,768,0.713883677298311,0.990885416666667,0.829880043620502
cross_session__sequential_splt__transformer,s2_to_s1,outer,11,Unspecified,2366,0.865848984285167,0.954775993237532,0.908140703517588
cross_session__sequential_splt__transformer,s2_to_s1,outer,12,VoIP,806,0.257554462403373,0.909429280397022,0.401423877327492
cross_session__sequential_splt__transformer,s2_to_s1,outer,13,Web,61588,0.963946706801895,0.91512957069559,0.93890402059022
dann__sequential_splt__dann_cnn1d,combined,inner,0,Chat,3985,0.812023708721422,0.962609786700125,0.880927775864049
dann__sequential_splt__dann_cnn1d,combined,inner,1,Cloud,5778,0.905239687848383,0.983731394946348,0.942854773160819
dann__sequential_splt__dann_cnn1d,combined,inner,2,Collaborative,6632,0.61841712294674,0.936670687575392,0.744978113569587
dann__sequential_splt__dann_cnn1d,combined,inner,3,ConnCheck,281,0.918088737201365,0.95729537366548,0.937282229965157
dann__sequential_splt__dann_cnn1d,combined,inner,4,Database,327,0.860655737704918,0.963302752293578,0.909090909090909
dann__sequential_splt__dann_cnn1d,combined,inner,5,Download,651,0.654320987654321,0.895545314900154,0.756160830090791
dann__sequential_splt__dann_cnn1d,combined,inner,6,Email,391,0.790890269151139,0.976982097186701,0.874141876430206
dann__sequential_splt__dann_cnn1d,combined,inner,7,Network,84447,0.999440349602886,0.993925183843121,0.996675137150593
dann__sequential_splt__dann_cnn1d,combined,inner,8,SocialNetwork,3883,0.981296438636946,0.986350759721865,0.983817107629078
dann__sequential_splt__dann_cnn1d,combined,inner,9,SoftwareUpdate,737,0.825775656324582,0.938941655359566,0.878730158730159
dann__sequential_splt__dann_cnn1d,combined,inner,10,System,1230,0.925813777441332,0.994308943089431,0.958839670717366
dann__sequential_splt__dann_cnn1d,combined,inner,11,Unspecified,5680,0.97837932852874,0.979929577464789,0.979153839387809
dann__sequential_splt__dann_cnn1d,combined,inner,12,VoIP,1569,0.810492505353319,0.964945825366475,0.881000872854233
dann__sequential_splt__dann_cnn1d,combined,inner,13,Web,110690,0.994195075757576,0.94847773059897,0.970798465023811
dann__sequential_splt__dann_cnn1d,combined,outer,0,Chat,3985,0.817949264549137,0.962860727728984,0.884508990318119
dann__sequential_splt__dann_cnn1d,combined,outer,1,Cloud,5778,0.903497615262321,0.98355832467982,0.941829632084852
dann__sequential_splt__dann_cnn1d,combined,outer,2,Collaborative,6632,0.623691626409018,0.93440892641737,0.748068565910188
dann__sequential_splt__dann_cnn1d,combined,outer,3,ConnCheck,281,0.882352941176471,0.96085409252669,0.919931856899489
dann__sequential_splt__dann_cnn1d,combined,outer,4,Database,327,0.918367346938776,0.963302752293578,0.940298507462687
dann__sequential_splt__dann_cnn1d,combined,outer,5,Download,651,0.661680092059839,0.883256528417819,0.756578947368421
dann__sequential_splt__dann_cnn1d,combined,outer,6,Email,391,0.79874213836478,0.974424552429668,0.877880184331797
dann__sequential_splt__dann_cnn1d,combined,outer,7,Network,84447,0.999486370911871,0.990858171397445,0.995153569410995
dann__sequential_splt__dann_cnn1d,combined,outer,8,SocialNetwork,3883,0.977046671767406,0.986608292557301,0.981804202972834
dann__sequential_splt__dann_cnn1d,combined,outer,9,SoftwareUpdate,737,0.825149700598802,0.934871099050203,0.876590330788804
dann__sequential_splt__dann_cnn1d,combined,outer,10,System,1230,0.870898716119829,0.992682926829268,0.927811550151976
dann__sequential_splt__dann_cnn1d,combined,outer,11,Unspecified,5680,0.976658476658477,0.979753521126761,0.9782035507119
dann__sequential_splt__dann_cnn1d,combined,outer,12,VoIP,1569,0.719431279620853,0.967495219885277,0.825224245718945
dann__sequential_splt__dann_cnn1d,combined,outer,13,Web,110690,0.994105123716705,0.949155298581624,0.971110340843443
primary__flattened_splt__random_forest__train_inner,combined,inner,0,Chat,3985,0.889437779346036,0.948808030112923,0.918164157357941
primary__flattened_splt__random_forest__train_inner,combined,inner,1,Cloud,5778,0.955940339447968,0.965039806161301,0.960468521229868
primary__flattened_splt__random_forest__train_inner,combined,inner,2,Collaborative,6632,0.664238410596027,0.907418576598311,0.767015039510579
primary__flattened_splt__random_forest__train_inner,combined,inner,3,ConnCheck,281,0.976284584980237,0.879003558718861,0.925093632958802
primary__flattened_splt__random_forest__train_inner,combined,inner,4,Database,327,0.963636363636364,0.972477064220184,0.968036529680365
primary__flattened_splt__random_forest__train_inner,combined,inner,5,Download,651,0.847826086956522,0.838709677419355,0.843243243243243
primary__flattened_splt__random_forest__train_inner,combined,inner,6,Email,391,0.946564885496183,0.951406649616368,0.948979591836735
primary__flattened_splt__random_forest__train_inner,combined,inner,7,Network,84447,0.999288846746474,0.998377680675453,0.998833055912615
primary__flattened_splt__random_forest__train_inner,combined,inner,8,SocialNetwork,3883,0.990820875950695,0.972959052279166,0.981808731808732
primary__flattened_splt__random_forest__train_inner,combined,inner,9,SoftwareUpdate,737,0.868318122555411,0.903663500678426,0.88563829787234
primary__flattened_splt__random_forest__train_inner,combined,inner,10,System,1230,0.990299110751819,0.995934959349594,0.993109039319011
primary__flattened_splt__random_forest__train_inner,combined,inner,11,Unspecified,5680,0.989977140847547,0.991197183098592,0.990586786311252
primary__flattened_splt__random_forest__train_inner,combined,inner,12,VoIP,1569,0.962145110410095,0.97195666029318,0.967025998731769
primary__flattened_splt__random_forest__train_inner,combined,inner,13,Web,110690,0.989801773121842,0.966266148703587,0.977892369301662
primary__flattened_splt__random_forest__train_inner,combined,outer,0,Chat,3985,0.713427377220481,0.685319949811794,0.699091258159478
primary__flattened_splt__random_forest__train_inner,combined,outer,1,Cloud,5778,0.985901309164149,0.677743163724472,0.803282051282051
primary__flattened_splt__random_forest__train_inner,combined,outer,2,Collaborative,6632,0.918767507002801,0.346200241254524,0.502902201292301
primary__flattened_splt__random_forest__train_inner,combined,outer,3,ConnCheck,281,0.907142857142857,0.451957295373665,0.60332541567696
primary__flattened_splt__random_forest__train_inner,combined,outer,4,Database,327,0.817480719794344,0.972477064220184,0.888268156424581
primary__flattened_splt__random_forest__train_inner,combined,outer,5,Download,651,0.833333333333333,0.0307219662058372,0.0592592592592593
primary__flattened_splt__random_forest__train_inner,combined,outer,6,Email,391,0.980861244019139,0.524296675191816,0.683333333333333
primary__flattened_splt__random_forest__train_inner,combined,outer,7,Network,84447,0.976340968396637,0.996897462313641,0.986512140245617
primary__flattened_splt__random_forest__train_inner,combined,outer,8,SocialNetwork,3883,0.994897959183674,0.150656708730363,0.261686423618877
primary__flattened_splt__random_forest__train_inner,combined,outer,9,SoftwareUpdate,737,0.71875,0.0312075983717775,0.0598179453836151
primary__flattened_splt__random_forest__train_inner,combined,outer,10,System,1230,0.434782608695652,0.00813008130081301,0.0159616919393456
primary__flattened_splt__random_forest__train_inner,combined,outer,11,Unspecified,5680,0.957634445789383,0.975,0.966239204396755
primary__flattened_splt__random_forest__train_inner,combined,outer,12,VoIP,1569,0.515021459227468,0.841300191204589,0.63891577928364
primary__flattened_splt__random_forest__train_inner,combined,outer,13,Web,110690,0.912279386030698,0.989059535640076,0.949119187155391
primary__flattened_splt__random_forest__train_outer,combined,inner,0,Chat,3985,0.772970561998216,0.869761606022585,0.818514582595348
primary__flattened_splt__random_forest__train_outer,combined,inner,1,Cloud,5778,0.883292383292383,0.7466251298027,0.809229037703995
primary__flattened_splt__random_forest__train_outer,combined,inner,2,Collaborative,6632,0.419810969710501,0.850572979493366,0.5621605461159
primary__flattened_splt__random_forest__train_outer,combined,inner,3,ConnCheck,281,0.888888888888889,0.0284697508896797,0.0551724137931034
primary__flattened_splt__random_forest__train_outer,combined,inner,4,Database,327,0.852150537634409,0.969418960244648,0.907010014306152
primary__flattened_splt__random_forest__train_outer,combined,inner,5,Download,651,0.60455764075067,0.692780337941628,0.645669291338583
primary__flattened_splt__random_forest__train_outer,combined,inner,6,Email,391,0.957219251336898,0.915601023017903,0.935947712418301
primary__flattened_splt__random_forest__train_outer,combined,inner,7,Network,84447,0.996998391995712,0.991189740310491,0.994085580931343
primary__flattened_splt__random_forest__train_outer,combined,inner,8,SocialNetwork,3883,0.971471471471472,0.166623744527427,0.284458122664322
primary__flattened_splt__random_forest__train_outer,combined,inner,9,SoftwareUpdate,737,0.735924932975871,0.744911804613297,0.740391099123399
primary__flattened_splt__random_forest__train_outer,combined,inner,10,System,1230,0.972111553784861,0.991869918699187,0.981891348088531
primary__flattened_splt__random_forest__train_outer,combined,inner,11,Unspecified,5680,0.936154553817847,0.895774647887324,0.915519568151147
primary__flattened_splt__random_forest__train_outer,combined,inner,12,VoIP,1569,0.803439803439803,0.833652007648184,0.818267125430091
primary__flattened_splt__random_forest__train_outer,combined,inner,13,Web,110690,0.972481300212393,0.951395790044268,0.961822997534021
primary__flattened_splt__random_forest__train_outer,combined,outer,0,Chat,3985,0.868037901548417,0.942534504391468,0.903753609239654
primary__flattened_splt__random_forest__train_outer,combined,outer,1,Cloud,5778,0.928940783986656,0.963828314295604,0.946063025566975
primary__flattened_splt__random_forest__train_outer,combined,outer,2,Collaborative,6632,0.680593607305936,0.89897466827503,0.77468814968815
primary__flattened_splt__random_forest__train_outer,combined,outer,3,ConnCheck,281,0.968379446640316,0.871886120996441,0.917602996254682
primary__flattened_splt__random_forest__train_outer,combined,outer,4,Database,327,0.921511627906977,0.969418960244648,0.944858420268256
primary__flattened_splt__random_forest__train_outer,combined,outer,5,Download,651,0.829528158295282,0.837173579109063,0.833333333333333
primary__flattened_splt__random_forest__train_outer,combined,outer,6,Email,391,0.960835509138381,0.941176470588235,0.950904392764858
primary__flattened_splt__random_forest__train_outer,combined,outer,7,Network,84447,0.999240860674211,0.997572441886627,0.998405954264517
primary__flattened_splt__random_forest__train_outer,combined,outer,8,SocialNetwork,3883,0.989501312335958,0.970898789595673,0.980111789938905
primary__flattened_splt__random_forest__train_outer,combined,outer,9,SoftwareUpdate,737,0.872170439414115,0.888738127544098,0.880376344086022
primary__flattened_splt__random_forest__train_outer,combined,outer,10,System,1230,0.960629921259842,0.991869918699187,0.976
primary__flattened_splt__random_forest__train_outer,combined,outer,11,Unspecified,5680,0.988906497622821,0.988732394366197,0.988819438330839
primary__flattened_splt__random_forest__train_outer,combined,outer,12,VoIP,1569,0.93300553165335,0.967495219885277,0.949937421777222
primary__flattened_splt__random_forest__train_outer,combined,outer,13,Web,110690,0.988882620076027,0.965913813352606,0.977263275276611
primary__flattened_splt__xgboost__train_inner,combined,inner,0,Chat,3985,0.942146725750862,0.960351317440401,0.951161923698273
primary__flattened_splt__xgboost__train_inner,combined,inner,1,Cloud,5778,0.974332472006891,0.978885427483558,0.97660364327031
primary__flattened_splt__xgboost__train_inner,combined,inner,2,Collaborative,6632,0.807853549468977,0.871682750301568,0.838555265448216
primary__flattened_splt__xgboost__train_inner,combined,inner,3,ConnCheck,281,0.970802919708029,0.94661921708185,0.958558558558559
primary__flattened_splt__xgboost__train_inner,combined,inner,4,Database,327,0.975308641975309,0.966360856269113,0.970814132104455
primary__flattened_splt__xgboost__train_inner,combined,inner,5,Download,651,0.914764079147641,0.923195084485407,0.918960244648318
primary__flattened_splt__xgboost__train_inner,combined,inner,6,Email,391,0.935483870967742,0.964194373401535,0.949622166246851
primary__flattened_splt__xgboost__train_inner,combined,inner,7,Network,84447,0.999502428622201,0.999064501995334,0.999283417329456
primary__flattened_splt__xgboost__train_inner,combined,inner,8,SocialNetwork,3883,0.994806543754869,0.986608292557301,0.990690457719162
primary__flattened_splt__xgboost__train_inner,combined,inner,9,SoftwareUpdate,737,0.967168262653899,0.959294436906377,0.963215258855586
primary__flattened_splt__xgboost__train_inner,combined,inner,10,System,1230,0.997560975609756,0.997560975609756,0.997560975609756
primary__flattened_splt__xgboost__train_inner,combined,inner,11,Unspecified,5680,0.991200281590989,0.991549295774648,0.991374757965147
primary__flattened_splt__xgboost__train_inner,combined,inner,12,VoIP,1569,0.972431077694236,0.989165073295092,0.980726698262243
primary__flattened_splt__xgboost__train_inner,combined,inner,13,Web,110690,0.98936421435059,0.984090703767278,0.986720413062186
primary__flattened_splt__xgboost__train_inner,combined,outer,0,Chat,3985,0.803972817564035,0.77189460476788,0.787607220586353
primary__flattened_splt__xgboost__train_inner,combined,outer,1,Cloud,5778,0.994449806949807,0.713222568362755,0.830679298528523
primary__flattened_splt__xgboost__train_inner,combined,outer,2,Collaborative,6632,0.783649698015531,0.547798552472859,0.644834930777423
primary__flattened_splt__xgboost__train_inner,combined,outer,3,ConnCheck,281,0.854430379746835,0.480427046263345,0.61503416856492
primary__flattened_splt__xgboost__train_inner,combined,outer,4,Database,327,0.890140845070423,0.966360856269113,0.926686217008798
primary__flattened_splt__xgboost__train_inner,combined,outer,5,Download,651,0.937759336099585,0.34715821812596,0.506726457399103
primary__flattened_splt__xgboost__train_inner,combined,outer,6,Email,391,0.974468085106383,0.585677749360614,0.731629392971246
primary__flattened_splt__xgboost__train_inner,combined,outer,7,Network,84447,0.980366095371342,0.995725129371085,0.987985923850144
primary__flattened_splt__xgboost__train_inner,combined,outer,8,SocialNetwork,3883,0.999179655455291,0.313674993561679,0.477459819678557
primary__flattened_splt__xgboost__train_inner,combined,outer,9,SoftwareUpdate,737,1,0.0719131614654003,0.134177215189873
primary__flattened_splt__xgboost__train_inner,combined,outer,10,System,1230,0,0,0
primary__flattened_splt__xgboost__train_inner,combined,outer,11,Unspecified,5680,0.971396936704189,0.926760563380282,0.948553923776917
primary__flattened_splt__xgboost__train_inner,combined,outer,12,VoIP,1569,0.415029622700343,0.848311026131294,0.557370184254606
primary__flattened_splt__xgboost__train_inner,combined,outer,13,Web,110690,0.934522893913757,0.987948324148523,0.960493263302124
primary__flattened_splt__xgboost__train_outer,combined,inner,0,Chat,3985,0.738911290322581,0.91969887076537,0.819452207937395
primary__flattened_splt__xgboost__train_outer,combined,inner,1,Cloud,5778,0.943201376936317,0.853582554517134,0.896156991005724
primary__flattened_splt__xgboost__train_outer,combined,inner,2,Collaborative,6632,0.657950780880265,0.83851025331725,0.737337576239724
primary__flattened_splt__xgboost__train_outer,combined,inner,3,ConnCheck,281,1,0.0569395017793594,0.107744107744108
primary__flattened_splt__xgboost__train_outer,combined,inner,4,Database,327,0.840425531914894,0.966360856269113,0.89900426742532
primary__flattened_splt__xgboost__train_outer,combined,inner,5,Download,651,0.770134228187919,0.705069124423963,0.73616680032077
primary__flattened_splt__xgboost__train_outer,combined,inner,6,Email,391,0.854651162790698,0.751918158567775,0.8
primary__flattened_splt__xgboost__train_outer,combined,inner,7,Network,84447,0.982788959865011,0.965599725271472,0.974118518430028
primary__flattened_splt__xgboost__train_outer,combined,inner,8,SocialNetwork,3883,0.998166819431714,0.280453257790368,0.437876960193004
primary__flattened_splt__xgboost__train_outer,combined,inner,9,SoftwareUpdate,737,0.892531876138434,0.664857530529172,0.762052877138414
primary__flattened_splt__xgboost__train_outer,combined,inner,10,System,1230,0,0,0
primary__flattened_splt__xgboost__train_outer,combined,inner,11,Unspecified,5680,0.942573887018331,0.887147887323944,0.91402140395429
primary__flattened_splt__xgboost__train_outer,combined,inner,12,VoIP,1569,0.30718021873514,0.823454429572976,0.447445887445887
primary__flattened_splt__xgboost__train_outer,combined,inner,13,Web,110690,0.95547963534512,0.967702592826814,0.961552272033609
primary__flattened_splt__xgboost__train_outer,combined,outer,0,Chat,3985,0.918860178700797,0.954830614805521,0.936500123061777
primary__flattened_splt__xgboost__train_outer,combined,outer,1,Cloud,5778,0.960724043715847,0.973693319487712,0.967165205432353
primary__flattened_splt__xgboost__train_outer,combined,outer,2,Collaborative,6632,0.793570451436388,0.874698431845597,0.832161813226223
primary__flattened_splt__xgboost__train_outer,combined,outer,3,ConnCheck,281,0.977611940298508,0.932384341637011,0.954462659380692
primary__flattened_splt__xgboost__train_outer,combined,outer,4,Database,327,0.929411764705882,0.966360856269113,0.947526236881559
primary__flattened_splt__xgboost__train_outer,combined,outer,5,Download,651,0.887387387387387,0.907834101382488,0.89749430523918
primary__flattened_splt__xgboost__train_outer,combined,outer,6,Email,391,0.953964194373402,0.953964194373402,0.953964194373402
primary__flattened_splt__xgboost__train_outer,combined,outer,7,Network,84447,0.9993359421321,0.997951377787251,0.998643180054154
primary__flattened_splt__xgboost__train_outer,combined,outer,8,SocialNetwork,3883,0.988603988603989,0.98300283286119,0.985795454545455
primary__flattened_splt__xgboost__train_outer,combined,outer,9,SoftwareUpdate,737,0.961432506887052,0.94708276797829,0.954203691045796
primary__flattened_splt__xgboost__train_outer,combined,outer,10,System,1230,0.961386918833727,0.991869918699187,0.976390556222489
primary__flattened_splt__xgboost__train_outer,combined,outer,11,Unspecified,5680,0.991016381891844,0.990492957746479,0.990754600686801
primary__flattened_splt__xgboost__train_outer,combined,outer,12,VoIP,1569,0.940817571690055,0.982791586998088,0.961346633416459
primary__flattened_splt__xgboost__train_outer,combined,outer,13,Web,110690,0.989126376278379,0.981235884000361,0.985165331047588
primary__matched_flow_stats__random_forest__train_inner,combined,inner,0,Chat,3985,0.729779039124265,0.903387703889586,0.807355909396726
primary__matched_flow_stats__random_forest__train_inner,combined,inner,1,Cloud,5778,0.913095036422158,0.932848736587054,0.922866192962931
primary__matched_flow_stats__random_forest__train_inner,combined,inner,2,Collaborative,6632,0.669959254228917,0.818154402895054,0.736677754395493
primary__matched_flow_stats__random_forest__train_inner,combined,inner,3,ConnCheck,281,0.914179104477612,0.871886120996441,0.892531876138434
primary__matched_flow_stats__random_forest__train_inner,combined,inner,4,Database,327,0.966867469879518,0.981651376146789,0.974203338391502
primary__matched_flow_stats__random_forest__train_inner,combined,inner,5,Download,651,0.857361963190184,0.858678955453149,0.858019953952417
primary__matched_flow_stats__random_forest__train_inner,combined,inner,6,Email,391,0.941176470588235,0.900255754475703,0.920261437908497
primary__matched_flow_stats__random_forest__train_inner,combined,inner,7,Network,84447,0.99921778704845,0.998377680675453,0.998797557204883
primary__matched_flow_stats__random_forest__train_inner,combined,inner,8,SocialNetwork,3883,0.951156144453105,0.942827710533093,0.946973616140714
primary__matched_flow_stats__random_forest__train_inner,combined,inner,9,SoftwareUpdate,737,0.826719576719577,0.848032564450475,0.837240455458808
primary__matched_flow_stats__random_forest__train_inner,combined,inner,10,System,1230,0.992730210016155,0.999186991869919,0.995948136142626
primary__matched_flow_stats__random_forest__train_inner,combined,inner,11,Unspecified,5680,0.976019604410992,0.98169014084507,0.978846660229966
primary__matched_flow_stats__random_forest__train_inner,combined,inner,12,VoIP,1569,0.925015752993069,0.935627788400255,0.930291508238276
primary__matched_flow_stats__random_forest__train_inner,combined,inner,13,Web,110690,0.979242336022772,0.957222874695094,0.968107414192452
primary__matched_flow_stats__random_forest__train_inner,combined,outer,0,Chat,3985,0.732438478747204,0.821580928481807,0.774452986398581
primary__matched_flow_stats__random_forest__train_inner,combined,outer,1,Cloud,5778,0.923046951100721,0.820006922810661,0.868481349097241
primary__matched_flow_stats__random_forest__train_inner,combined,outer,2,Collaborative,6632,0.618994877474733,0.674155609167672,0.645398773006135
primary__matched_flow_stats__random_forest__train_inner,combined,outer,3,ConnCheck,281,0.881278538812785,0.686832740213523,0.772
primary__matched_flow_stats__random_forest__train_inner,combined,outer,4,Database,327,0.909090909090909,0.978593272171254,0.942562592047128
primary__matched_flow_stats__random_forest__train_inner,combined,outer,5,Download,651,0.642585551330799,0.778801843317972,0.704166666666667
primary__matched_flow_stats__random_forest__train_inner,combined,outer,6,Email,391,0.956647398843931,0.846547314578005,0.898236092265943
primary__matched_flow_stats__random_forest__train_inner,combined,outer,7,Network,84447,0.98519012051291,0.998069795256196,0.991588136331016
primary__matched_flow_stats__random_forest__train_inner,combined,outer,8,SocialNetwork,3883,0.947894736842105,0.927633273242338,0.937654562020044
primary__matched_flow_stats__random_forest__train_inner,combined,outer,9,SoftwareUpdate,737,0.788461538461538,0.611940298507463,0.689075630252101
primary__matched_flow_stats__random_forest__train_inner,combined,outer,10,System,1230,1,0.0105691056910569,0.0209171359613838
primary__matched_flow_stats__random_forest__train_inner,combined,outer,11,Unspecified,5680,0.973564425770308,0.979049295774648,0.976299157303371
primary__matched_flow_stats__random_forest__train_inner,combined,outer,12,VoIP,1569,0.576146788990826,0.80050987890376,0.670045345425447
primary__matched_flow_stats__random_forest__train_inner,combined,outer,13,Web,110690,0.967094549722073,0.960375824374379,0.9637234770705
primary__matched_flow_stats__random_forest__train_outer,combined,inner,0,Chat,3985,0.696655583805985,0.893851944792974,0.783029237194988
primary__matched_flow_stats__random_forest__train_outer,combined,inner,1,Cloud,5778,0.867804963914804,0.853236413984078,0.86045902783838
primary__matched_flow_stats__random_forest__train_outer,combined,inner,2,Collaborative,6632,0.641482019614966,0.798854041013269,0.711570747431334
primary__matched_flow_stats__random_forest__train_outer,combined,inner,3,ConnCheck,281,0.69811320754717,0.658362989323843,0.677655677655678
primary__matched_flow_stats__random_forest__train_outer,combined,inner,4,Database,327,0.851063829787234,0.978593272171254,0.910384068278805
primary__matched_flow_stats__random_forest__train_outer,combined,inner,5,Download,651,0.776508972267537,0.731182795698925,0.753164556962025
primary__matched_flow_stats__random_forest__train_outer,combined,inner,6,Email,391,0.758389261744966,0.867007672634271,0.809069212410501
primary__matched_flow_stats__random_forest__train_outer,combined,inner,7,Network,84447,0.996765249537893,0.996163274006181,0.99646417085695
primary__matched_flow_stats__random_forest__train_outer,combined,inner,8,SocialNetwork,3883,0.951826792963464,0.905742982230234,0.928213248878332
primary__matched_flow_stats__random_forest__train_outer,combined,inner,9,SoftwareUpdate,737,0.675830469644903,0.800542740841248,0.732919254658385
primary__matched_flow_stats__random_forest__train_outer,combined,inner,10,System,1230,0.988682295877122,0.994308943089431,0.991487636805837
primary__matched_flow_stats__random_forest__train_outer,combined,inner,11,Unspecified,5680,0.96684888026803,0.965316901408451,0.966082283499251
primary__matched_flow_stats__random_forest__train_outer,combined,inner,12,VoIP,1569,0.830351225977469,0.798597833014659,0.814165042235218
primary__matched_flow_stats__random_forest__train_outer,combined,inner,13,Web,110690,0.972121021581936,0.949778661125666,0.960819974775631
primary__matched_flow_stats__random_forest__train_outer,combined,outer,0,Chat,3985,0.720264317180617,0.902634880803011,0.801202806548613
primary__matched_flow_stats__random_forest__train_outer,combined,outer,1,Cloud,5778,0.889975144987572,0.929560401523018,0.9093371709134
primary__matched_flow_stats__random_forest__train_outer,combined,outer,2,Collaborative,6632,0.662959794696322,0.818003618817853,0.732365845426932
primary__matched_flow_stats__random_forest__train_outer,combined,outer,3,ConnCheck,281,0.883636363636364,0.864768683274021,0.87410071942446
primary__matched_flow_stats__random_forest__train_outer,combined,outer,4,Database,327,0.92485549132948,0.978593272171254,0.950965824665676
primary__matched_flow_stats__random_forest__train_outer,combined,outer,5,Download,651,0.848998459167951,0.846390168970814,0.847692307692308
primary__matched_flow_stats__random_forest__train_outer,combined,outer,6,Email,391,0.940700808625337,0.892583120204604,0.916010498687664
primary__matched_flow_stats__random_forest__train_outer,combined,outer,7,Network,84447,0.999205323148818,0.997596125380416,0.998400075848256
primary__matched_flow_stats__random_forest__train_outer,combined,outer,8,SocialNetwork,3883,0.944258064516129,0.94231264486222,0.94328435163702
primary__matched_flow_stats__random_forest__train_outer,combined,outer,9,SoftwareUpdate,737,0.814229249011858,0.83853459972863,0.82620320855615
primary__matched_flow_stats__random_forest__train_outer,combined,outer,10,System,1230,0.964566929133858,0.995934959349594,0.98
primary__matched_flow_stats__random_forest__train_outer,combined,outer,11,Unspecified,5680,0.972746331236897,0.980281690140845,0.976499473868818
primary__matched_flow_stats__random_forest__train_outer,combined,outer,12,VoIP,1569,0.904024767801858,0.930528999362651,0.917085427135678
primary__matched_flow_stats__random_forest__train_outer,combined,outer,13,Web,110690,0.979012551680664,0.954106061974885,0.966398858000403
primary__matched_flow_stats__xgboost__train_inner,combined,inner,0,Chat,3985,0.710526315789474,0.914680050188206,0.799780581459133
primary__matched_flow_stats__xgboost__train_inner,combined,inner,1,Cloud,5778,0.889089121887287,0.939252336448598,0.913482578690456
primary__matched_flow_stats__xgboost__train_inner,combined,inner,2,Collaborative,6632,0.577935943060498,0.857056694813028,0.690350397765227
primary__matched_flow_stats__xgboost__train_inner,combined,inner,3,ConnCheck,281,0.911660777385159,0.918149466192171,0.914893617021277
primary__matched_flow_stats__xgboost__train_inner,combined,inner,4,Database,327,0.972809667673716,0.984709480122324,0.978723404255319
primary__matched_flow_stats__xgboost__train_inner,combined,inner,5,Download,651,0.860119047619048,0.887864823348694,0.873771730914588
primary__matched_flow_stats__xgboost__train_inner,combined,inner,6,Email,391,0.939947780678851,0.920716112531969,0.930232558139535
primary__matched_flow_stats__xgboost__train_inner,combined,inner,7,Network,84447,0.999478598852917,0.998780300069866,0.999129327449877
primary__matched_flow_stats__xgboost__train_inner,combined,inner,8,SocialNetwork,3883,0.948764160659114,0.949008498583569,0.948886313892108
primary__matched_flow_stats__xgboost__train_inner,combined,inner,9,SoftwareUpdate,737,0.842447916666667,0.877883310719132,0.859800664451827
primary__matched_flow_stats__xgboost__train_inner,combined,inner,10,System,1230,0.996753246753247,0.998373983739837,0.997562956945573
primary__matched_flow_stats__xgboost__train_inner,combined,inner,11,Unspecified,5680,0.987240829346092,0.98080985915493,0.984014837057317
primary__matched_flow_stats__xgboost__train_inner,combined,inner,12,VoIP,1569,0.94031746031746,0.943913320586361,0.942111959287532
primary__matched_flow_stats__xgboost__train_inner,combined,inner,13,Web,110690,0.983121646723808,0.941936941006414,0.96208874104354
primary__matched_flow_stats__xgboost__train_inner,combined,outer,0,Chat,3985,0.700243704305443,0.865244667503137,0.774048714782804
primary__matched_flow_stats__xgboost__train_inner,combined,outer,1,Cloud,5778,0.914499532273153,0.845967462789893,0.878899577452126
primary__matched_flow_stats__xgboost__train_inner,combined,outer,2,Collaborative,6632,0.633489313266726,0.755277442702051,0.689043262947933
primary__matched_flow_stats__xgboost__train_inner,combined,outer,3,ConnCheck,281,0.894160583941606,0.871886120996441,0.882882882882883
primary__matched_flow_stats__xgboost__train_inner,combined,outer,4,Database,327,0.904494382022472,0.984709480122324,0.94289897510981
primary__matched_flow_stats__xgboost__train_inner,combined,outer,5,Download,651,0.636471990464839,0.820276497695853,0.716778523489933
primary__matched_flow_stats__xgboost__train_inner,combined,outer,6,Email,391,0.94311377245509,0.805626598465473,0.868965517241379
primary__matched_flow_stats__xgboost__train_inner,combined,outer,7,Network,84447,0.982713682955621,0.995654078889718,0.989141559709657
primary__matched_flow_stats__xgboost__train_inner,combined,outer,8,SocialNetwork,3883,0.947186836518047,0.919134689672933,0.932949941184159
primary__matched_flow_stats__xgboost__train_inner,combined,outer,9,SoftwareUpdate,737,0.760586319218241,0.633649932157395,0.691339748334567
primary__matched_flow_stats__xgboost__train_inner,combined,outer,10,System,1230,0.857142857142857,0.0048780487804878,0.00970088924818108
primary__matched_flow_stats__xgboost__train_inner,combined,outer,11,Unspecified,5680,0.978835978835979,0.977112676056338,0.977973568281938
primary__matched_flow_stats__xgboost__train_inner,combined,outer,12,VoIP,1569,0.73592571096924,0.808158062460166,0.770352369380316
primary__matched_flow_stats__xgboost__train_inner,combined,outer,13,Web,110690,0.968364827782418,0.953238774957087,0.960742268416716
primary__matched_flow_stats__xgboost__train_outer,combined,inner,0,Chat,3985,0.69047619047619,0.895106649937265,0.779586930390121
primary__matched_flow_stats__xgboost__train_outer,combined,inner,1,Cloud,5778,0.779950746052441,0.931810314987885,0.84914438924375
primary__matched_flow_stats__xgboost__train_outer,combined,inner,2,Collaborative,6632,0.528135657446002,0.84062123039807,0.648708401210147
primary__matched_flow_stats__xgboost__train_outer,combined,inner,3,ConnCheck,281,0.634502923976608,0.772241992882562,0.696629213483146
primary__matched_flow_stats__xgboost__train_outer,combined,inner,4,Database,327,0.955223880597015,0.978593272171254,0.966767371601209
primary__matched_flow_stats__xgboost__train_outer,combined,inner,5,Download,651,0.753067484662577,0.754224270353303,0.753645433614735
primary__matched_flow_stats__xgboost__train_outer,combined,inner,6,Email,391,0.751082251082251,0.887468030690537,0.813599062133646
primary__matched_flow_stats__xgboost__train_outer,combined,inner,7,Network,84447,0.985872358400901,0.994931732329153,0.99038132846113
primary__matched_flow_stats__xgboost__train_outer,combined,inner,8,SocialNetwork,3883,0.975849731663685,0.842904970383724,0.90451844687025
primary__matched_flow_stats__xgboost__train_outer,combined,inner,9,SoftwareUpdate,737,0.592627599243856,0.850746268656716,0.698607242339833
primary__matched_flow_stats__xgboost__train_outer,combined,inner,10,System,1230,0.928348909657321,0.242276422764228,0.384268214055448
primary__matched_flow_stats__xgboost__train_outer,combined,inner,11,Unspecified,5680,0.979613927476096,0.955985915492958,0.967655707030206
primary__matched_flow_stats__xgboost__train_outer,combined,inner,12,VoIP,1569,0.776802507836991,0.789674952198853,0.783185840707965
primary__matched_flow_stats__xgboost__train_outer,combined,inner,13,Web,110690,0.976539309541762,0.924320173457404,0.94971247696799
primary__matched_flow_stats__xgboost__train_outer,combined,outer,0,Chat,3985,0.699536858355847,0.909661229611041,0.790880331624305
primary__matched_flow_stats__xgboost__train_outer,combined,outer,1,Cloud,5778,0.881278538812785,0.935271720318449,0.907472712006717
primary__matched_flow_stats__xgboost__train_outer,combined,outer,2,Collaborative,6632,0.556531070139499,0.860223160434258,0.675827755730617
primary__matched_flow_stats__xgboost__train_outer,combined,outer,3,ConnCheck,281,0.914285714285714,0.911032028469751,0.912655971479501
primary__matched_flow_stats__xgboost__train_outer,combined,outer,4,Database,327,0.914285714285714,0.978593272171254,0.945347119645495
primary__matched_flow_stats__xgboost__train_outer,combined,outer,5,Download,651,0.850074962518741,0.870967741935484,0.860394537177542
primary__matched_flow_stats__xgboost__train_outer,combined,outer,6,Email,391,0.957104557640751,0.91304347826087,0.934554973821989
primary__matched_flow_stats__xgboost__train_outer,combined,outer,7,Network,84447,0.999347699752126,0.997809276824517,0.998577895759759
primary__matched_flow_stats__xgboost__train_outer,combined,outer,8,SocialNetwork,3883,0.941658137154555,0.947720834406387,0.944679758695931
primary__matched_flow_stats__xgboost__train_outer,combined,outer,9,SoftwareUpdate,737,0.826478149100257,0.872455902306649,0.848844884488449
primary__matched_flow_stats__xgboost__train_outer,combined,outer,10,System,1230,0.965272296764009,0.994308943089431,0.979575490588706
primary__matched_flow_stats__xgboost__train_outer,combined,outer,11,Unspecified,5680,0.98549186128804,0.980633802816901,0.983056830215319
primary__matched_flow_stats__xgboost__train_outer,combined,outer,12,VoIP,1569,0.915685058896466,0.941363926067559,0.928346951602766
primary__matched_flow_stats__xgboost__train_outer,combined,outer,13,Web,110690,0.983101288017363,0.937103622730147,0.959551528438814
primary__prefix_stats__random_forest__train_inner,combined,inner,0,Chat,3985,0.722816219487593,0.899121706398996,0.80138671438157
primary__prefix_stats__random_forest__train_inner,combined,inner,1,Cloud,5778,0.922694549194378,0.931637244721357,0.927144333448157
primary__prefix_stats__random_forest__train_inner,combined,inner,2,Collaborative,6632,0.658605105655307,0.813027744270205,0.727714420676159
primary__prefix_stats__random_forest__train_inner,combined,inner,3,ConnCheck,281,0.910780669144981,0.871886120996441,0.890909090909091
primary__prefix_stats__random_forest__train_inner,combined,inner,4,Database,327,0.966867469879518,0.981651376146789,0.974203338391502
primary__prefix_stats__random_forest__train_inner,combined,inner,5,Download,651,0.859133126934985,0.852534562211982,0.855821125674634
primary__prefix_stats__random_forest__train_inner,combined,inner,6,Email,391,0.91025641025641,0.907928388746803,0.909090909090909
primary__prefix_stats__random_forest__train_inner,combined,inner,7,Network,84447,0.999205944747976,0.998377680675453,0.99879164099891
primary__prefix_stats__random_forest__train_inner,combined,inner,8,SocialNetwork,3883,0.944688550012923,0.941282513520474,0.942982456140351
primary__prefix_stats__random_forest__train_inner,combined,inner,9,SoftwareUpdate,737,0.842456608811749,0.856173677069199,0.849259757738896
primary__prefix_stats__random_forest__train_inner,combined,inner,10,System,1230,0.992730210016155,0.999186991869919,0.995948136142626
primary__prefix_stats__random_forest__train_inner,combined,inner,11,Unspecified,5680,0.98036440827879,0.975704225352113,0.978028765551928
primary__prefix_stats__random_forest__train_inner,combined,inner,12,VoIP,1569,0.921618204804046,0.92925430210325,0.925420501428118
primary__prefix_stats__random_forest__train_inner,combined,inner,13,Web,110690,0.978992217970757,0.956951847502033,0.967846569935309
primary__prefix_stats__random_forest__train_inner,combined,outer,0,Chat,3985,0.711284383799004,0.824090338770389,0.763543362008835
primary__prefix_stats__random_forest__train_inner,combined,outer,1,Cloud,5778,0.928459734167318,0.822083766009,0.872039654855884
primary__prefix_stats__random_forest__train_inner,combined,outer,2,Collaborative,6632,0.616244208231126,0.681845597104946,0.64738725841088
primary__prefix_stats__random_forest__train_inner,combined,outer,3,ConnCheck,281,0.887323943661972,0.672597864768683,0.765182186234818
primary__prefix_stats__random_forest__train_inner,combined,outer,4,Database,327,0.911680911680912,0.978593272171254,0.943952802359882
primary__prefix_stats__random_forest__train_inner,combined,outer,5,Download,651,0.648989898989899,0.789554531490015,0.712404712404712
primary__prefix_stats__random_forest__train_inner,combined,outer,6,Email,391,0.940509915014164,0.849104859335038,0.89247311827957
primary__prefix_stats__random_forest__train_inner,combined,outer,7,Network,84447,0.984937189599766,0.998093478749985,0.991471691898695
primary__prefix_stats__random_forest__train_inner,combined,outer,8,SocialNetwork,3883,0.947089947089947,0.921967550862735,0.934359911261908
primary__prefix_stats__random_forest__train_inner,combined,outer,9,SoftwareUpdate,737,0.811287477954145,0.62415196743555,0.705521472392638
primary__prefix_stats__random_forest__train_inner,combined,outer,10,System,1230,1,0.0105691056910569,0.0209171359613838
primary__prefix_stats__random_forest__train_inner,combined,outer,11,Unspecified,5680,0.978021978021978,0.971478873239437,0.974739445327681
primary__prefix_stats__random_forest__train_inner,combined,outer,12,VoIP,1569,0.609144542772861,0.789674952198853,0.687760199833472
primary__prefix_stats__random_forest__train_inner,combined,outer,13,Web,110690,0.966666666666667,0.959680187912187,0.963160758001632
primary__prefix_stats__random_forest__train_outer,combined,inner,0,Chat,3985,0.685243950813169,0.867001254705144,0.765481333776448
primary__prefix_stats__random_forest__train_outer,combined,inner,1,Cloud,5778,0.872313976203161,0.85012114918657,0.861074590235779
primary__prefix_stats__random_forest__train_outer,combined,inner,2,Collaborative,6632,0.62627474505099,0.787092882991556,0.697534576067348
primary__prefix_stats__random_forest__train_outer,combined,inner,3,ConnCheck,281,0.723076923076923,0.669039145907473,0.695009242144177
primary__prefix_stats__random_forest__train_outer,combined,inner,4,Database,327,0.851458885941645,0.981651376146789,0.911931818181818
primary__prefix_stats__random_forest__train_outer,combined,inner,5,Download,651,0.781094527363184,0.723502304147465,0.751196172248804
primary__prefix_stats__random_forest__train_outer,combined,inner,6,Email,391,0.736501079913607,0.872122762148338,0.798594847775176
primary__prefix_stats__random_forest__train_outer,combined,inner,7,Network,84447,0.99677732755148,0.996246166234443,0.996511676112977
primary__prefix_stats__random_forest__train_outer,combined,inner,8,SocialNetwork,3883,0.951456310679612,0.908575843420036,0.929521802134106
primary__prefix_stats__random_forest__train_outer,combined,inner,9,SoftwareUpdate,737,0.692397660818713,0.80325644504749,0.743718592964824
primary__prefix_stats__random_forest__train_outer,combined,inner,10,System,1230,0.989482200647249,0.994308943089431,0.991889699918897
primary__prefix_stats__random_forest__train_outer,combined,inner,11,Unspecified,5680,0.967021276595745,0.960211267605634,0.963604240282686
primary__prefix_stats__random_forest__train_outer,combined,inner,12,VoIP,1569,0.838037634408602,0.794773741236456,0.815832515538109
primary__prefix_stats__random_forest__train_outer,combined,inner,13,Web,110690,0.97054720484844,0.949073990423706,0.959690496092376
primary__prefix_stats__random_forest__train_outer,combined,outer,0,Chat,3985,0.716376027259972,0.896863237139272,0.796523289503009
primary__prefix_stats__random_forest__train_outer,combined,outer,1,Cloud,5778,0.898157453936348,0.928002769124264,0.912836227442969
primary__prefix_stats__random_forest__train_outer,combined,outer,2,Collaborative,6632,0.647257383966245,0.809559710494572,0.719367588932806
primary__prefix_stats__random_forest__train_outer,combined,outer,3,ConnCheck,281,0.883636363636364,0.864768683274021,0.87410071942446
primary__prefix_stats__random_forest__train_outer,combined,outer,4,Database,327,0.92485549132948,0.978593272171254,0.950965824665676
primary__prefix_stats__random_forest__train_outer,combined,outer,5,Download,651,0.85625,0.841781874039939,0.848954298993029
primary__prefix_stats__random_forest__train_outer,combined,outer,6,Email,391,0.914285714285714,0.900255754475703,0.907216494845361
primary__prefix_stats__random_forest__train_outer,combined,outer,7,Network,84447,0.999240896690784,0.997619808874205,0.998429694768217
primary__prefix_stats__random_forest__train_outer,combined,outer,8,SocialNetwork,3883,0.940706367620521,0.939737316507855,0.9402215923731
primary__prefix_stats__random_forest__train_outer,combined,outer,9,SoftwareUpdate,737,0.816644993498049,0.852103120759837,0.833997343957503
primary__prefix_stats__random_forest__train_outer,combined,outer,10,System,1230,0.96608832807571,0.995934959349594,0.980784627702162
primary__prefix_stats__random_forest__train_outer,combined,outer,11,Unspecified,5680,0.977248677248677,0.975528169014084,0.976387665198238
primary__prefix_stats__random_forest__train_outer,combined,outer,12,VoIP,1569,0.90846394984326,0.923518164435946,0.915929203539823
primary__prefix_stats__random_forest__train_outer,combined,outer,13,Web,110690,0.978533691723051,0.953780829343211,0.965998719004484
primary__prefix_stats__xgboost__train_inner,combined,inner,0,Chat,3985,0.704789833822092,0.904642409033877,0.792307692307692
primary__prefix_stats__xgboost__train_inner,combined,inner,1,Cloud,5778,0.889709502708026,0.938213914849429,0.913318170331059
primary__prefix_stats__xgboost__train_inner,combined,inner,2,Collaborative,6632,0.564115357748728,0.852382388419783,0.678916711703597
primary__prefix_stats__xgboost__train_inner,combined,inner,3,ConnCheck,281,0.908450704225352,0.918149466192171,0.913274336283186
primary__prefix_stats__xgboost__train_inner,combined,inner,4,Database,327,0.969788519637462,0.981651376146789,0.975683890577508
primary__prefix_stats__xgboost__train_inner,combined,inner,5,Download,651,0.833576642335766,0.877112135176651,0.854790419161677
primary__prefix_stats__xgboost__train_inner,combined,inner,6,Email,391,0.935233160621762,0.923273657289003,0.929214929214929
primary__prefix_stats__xgboost__train_inner,combined,inner,7,Network,84447,0.999407561880162,0.99881582531055,0.999111605979484
primary__prefix_stats__xgboost__train_inner,combined,inner,8,SocialNetwork,3883,0.950426026336173,0.947978367241823,0.949200618875709
primary__prefix_stats__xgboost__train_inner,combined,inner,9,SoftwareUpdate,737,0.8348271446863,0.884667571234735,0.859025032938076
primary__prefix_stats__xgboost__train_inner,combined,inner,10,System,1230,0.996750609260764,0.997560975609756,0.99715562779358
primary__prefix_stats__xgboost__train_inner,combined,inner,11,Unspecified,5680,0.986140724946695,0.977112676056338,0.981605942695437
primary__prefix_stats__xgboost__train_inner,combined,inner,12,VoIP,1569,0.943239795918367,0.94263862332696,0.942939113802996
primary__prefix_stats__xgboost__train_inner,combined,inner,13,Web,110690,0.982925355092173,0.940283675128738,0.961131786238676
primary__prefix_stats__xgboost__train_inner,combined,outer,0,Chat,3985,0.676014319809069,0.852948557089084,0.754243869965605
primary__prefix_stats__xgboost__train_inner,combined,outer,1,Cloud,5778,0.914881516587678,0.835237106265144,0.873247082240116
primary__prefix_stats__xgboost__train_inner,combined,outer,2,Collaborative,6632,0.592858025454096,0.723462002412545,0.651680814940577
primary__prefix_stats__xgboost__train_inner,combined,outer,3,ConnCheck,281,0.874551971326165,0.868327402135231,0.871428571428571
primary__prefix_stats__xgboost__train_inner,combined,outer,4,Database,327,0.899159663865546,0.981651376146789,0.93859649122807
primary__prefix_stats__xgboost__train_inner,combined,outer,5,Download,651,0.64713216957606,0.797235023041475,0.7143840330351
primary__prefix_stats__xgboost__train_inner,combined,outer,6,Email,391,0.944444444444444,0.782608695652174,0.855944055944056
primary__prefix_stats__xgboost__train_inner,combined,outer,7,Network,84447,0.985441438067597,0.997122455504636,0.991247535242356
primary__prefix_stats__xgboost__train_inner,combined,outer,8,SocialNetwork,3883,0.95421686746988,0.917847025495751,0.935678655815175
primary__prefix_stats__xgboost__train_inner,combined,outer,9,SoftwareUpdate,737,0.812606473594549,0.647218453188602,0.720543806646526
primary__prefix_stats__xgboost__train_inner,combined,outer,10,System,1230,0.909090909090909,0.00813008130081301,0.016116035455278
primary__prefix_stats__xgboost__train_inner,combined,outer,11,Unspecified,5680,0.978284086863653,0.967605633802817,0.972915560276155
primary__prefix_stats__xgboost__train_inner,combined,outer,12,VoIP,1569,0.718891402714932,0.810070108349267,0.761762061732095
primary__prefix_stats__xgboost__train_inner,combined,outer,13,Web,110690,0.967775982965601,0.952615412413045,0.960135854966628
primary__prefix_stats__xgboost__train_outer,combined,inner,0,Chat,3985,0.65693023255814,0.886072772898369,0.754487179487179
primary__prefix_stats__xgboost__train_outer,combined,inner,1,Cloud,5778,0.779673268758132,0.933367947386639,0.849625836943679
primary__prefix_stats__xgboost__train_outer,combined,inner,2,Collaborative,6632,0.51386286998876,0.827201447527141,0.633926507973192
primary__prefix_stats__xgboost__train_outer,combined,inner,3,ConnCheck,281,0.64,0.740213523131673,0.686468646864686
primary__prefix_stats__xgboost__train_outer,combined,inner,4,Database,327,0.952522255192878,0.981651376146789,0.966867469879518
primary__prefix_stats__xgboost__train_outer,combined,inner,5,Download,651,0.741248097412481,0.748079877112135,0.744648318042814
primary__prefix_stats__xgboost__train_outer,combined,inner,6,Email,391,0.735729386892178,0.89002557544757,0.805555555555556
primary__prefix_stats__xgboost__train_outer,combined,inner,7,Network,84447,0.985873518714068,0.995014624557415,0.990422980132841
primary__prefix_stats__xgboost__train_outer,combined,inner,8,SocialNetwork,3883,0.969641772920461,0.822559876384239,0.890065486972273
primary__prefix_stats__xgboost__train_outer,combined,inner,9,SoftwareUpdate,737,0.567420814479638,0.850746268656716,0.680781758957655
primary__prefix_stats__xgboost__train_outer,combined,inner,10,System,1230,0.929230769230769,0.245528455284553,0.388424437299035
primary__prefix_stats__xgboost__train_outer,combined,inner,11,Unspecified,5680,0.973228920050992,0.940845070422535,0.956763047175723
primary__prefix_stats__xgboost__train_outer,combined,inner,12,VoIP,1569,0.775753768844221,0.787125557680051,0.781398291679848
primary__prefix_stats__xgboost__train_outer,combined,inner,13,Web,110690,0.974675548409326,0.92002890956726,0.946564175969216
primary__prefix_stats__xgboost__train_outer,combined,outer,0,Chat,3985,0.693168660748746,0.90138017565872,0.783680593432966
primary__prefix_stats__xgboost__train_outer,combined,outer,1,Cloud,5778,0.8902619871478,0.935098650051921,0.912129653076728
primary__prefix_stats__xgboost__train_outer,combined,outer,2,Collaborative,6632,0.541127189642041,0.857056694813028,0.663398692810457
primary__prefix_stats__xgboost__train_outer,combined,outer,3,ConnCheck,281,0.911347517730496,0.914590747330961,0.912966252220249
primary__prefix_stats__xgboost__train_outer,combined,outer,4,Database,327,0.912181303116147,0.984709480122324,0.947058823529412
primary__prefix_stats__xgboost__train_outer,combined,outer,5,Download,651,0.850523168908819,0.874039938556068,0.862121212121212
primary__prefix_stats__xgboost__train_outer,combined,outer,6,Email,391,0.941952506596306,0.91304347826087,0.927272727272727
primary__prefix_stats__xgboost__train_outer,combined,outer,7,Network,84447,0.999347707488318,0.997821118571412,0.998583829585518
primary__prefix_stats__xgboost__train_outer,combined,outer,8,SocialNetwork,3883,0.939030612244898,0.947978367241823,0.943483275663206
primary__prefix_stats__xgboost__train_outer,combined,outer,9,SoftwareUpdate,737,0.822929936305733,0.876526458616011,0.848883048620237
primary__prefix_stats__xgboost__train_outer,combined,outer,10,System,1230,0.964483030781373,0.99349593495935,0.978774529435322
primary__prefix_stats__xgboost__train_outer,combined,outer,11,Unspecified,5680,0.985239196158634,0.975352112676056,0.980270724586393
primary__prefix_stats__xgboost__train_outer,combined,outer,12,VoIP,1569,0.914853946550653,0.938177182919057,0.926368785399622
primary__prefix_stats__xgboost__train_outer,combined,outer,13,Web,110690,0.982909391289486,0.935233535098022,0.958478966348936
primary__sequential_splt__cnn1d__train_inner,combined,inner,0,Chat,3985,0.82105035660255,0.953324968632371,0.882257315373897
primary__sequential_splt__cnn1d__train_inner,combined,inner,1,Cloud,5778,0.900540197013028,0.980962270681897,0.939032471835653
primary__sequential_splt__cnn1d__train_inner,combined,inner,2,Collaborative,6632,0.61866023902782,0.928829915560917,0.742660799324854
primary__sequential_splt__cnn1d__train_inner,combined,inner,3,ConnCheck,281,0.871794871794872,0.96797153024911,0.917369308600337
primary__sequential_splt__cnn1d__train_inner,combined,inner,4,Database,327,0.889830508474576,0.963302752293578,0.92511013215859
primary__sequential_splt__cnn1d__train_inner,combined,inner,5,Download,651,0.658454647256439,0.903225806451613,0.761658031088083
primary__sequential_splt__cnn1d__train_inner,combined,inner,6,Email,391,0.794117647058823,0.966751918158568,0.8719723183391
primary__sequential_splt__cnn1d__train_inner,combined,inner,7,Network,84447,0.999345175731022,0.993960709083804,0.996645669945796
primary__sequential_splt__cnn1d__train_inner,combined,inner,8,SocialNetwork,3883,0.973021124968185,0.984548029873809,0.978750640040963
primary__sequential_splt__cnn1d__train_inner,combined,inner,9,SoftwareUpdate,737,0.817432273262662,0.941655359565807,0.87515762925599
primary__sequential_splt__cnn1d__train_inner,combined,inner,10,System,1230,0.917921686746988,0.991056910569106,0.953088350273651
primary__sequential_splt__cnn1d__train_inner,combined,inner,11,Unspecified,5680,0.975258817336375,0.978521126760563,0.976887248440109
primary__sequential_splt__cnn1d__train_inner,combined,inner,12,VoIP,1569,0.782428940568475,0.964945825366475,0.864155251141553
primary__sequential_splt__cnn1d__train_inner,combined,inner,13,Web,110690,0.993572267030179,0.948206703405908,0.970359549938519
primary__sequential_splt__cnn1d__train_inner,combined,outer,0,Chat,3985,0.823937554206418,0.95357590966123,0.88402931255089
primary__sequential_splt__cnn1d__train_inner,combined,outer,1,Cloud,5778,0.882526381129733,0.984250605745933,0.930616920307642
primary__sequential_splt__cnn1d__train_inner,combined,outer,2,Collaborative,6632,0.670610559214198,0.905910735826297,0.770701045474954
primary__sequential_splt__cnn1d__train_inner,combined,outer,3,ConnCheck,281,0.776504297994269,0.9644128113879,0.86031746031746
primary__sequential_splt__cnn1d__train_inner,combined,outer,4,Database,327,0.799492385786802,0.963302752293578,0.87378640776699
primary__sequential_splt__cnn1d__train_inner,combined,outer,5,Download,651,0.661627906976744,0.874039938556068,0.753143613500993
primary__sequential_splt__cnn1d__train_inner,combined,outer,6,Email,391,0.811688311688312,0.959079283887468,0.879249706916764
primary__sequential_splt__cnn1d__train_inner,combined,outer,7,Network,84447,0.999307991504999,0.991817352895899,0.995548582262081
primary__sequential_splt__cnn1d__train_inner,combined,outer,8,SocialNetwork,3883,0.970513472292832,0.983260365696626,0.976845337085839
primary__sequential_splt__cnn1d__train_inner,combined,outer,9,SoftwareUpdate,737,0.820023837902265,0.933514246947083,0.873096446700508
primary__sequential_splt__cnn1d__train_inner,combined,outer,10,System,1230,0.91310861423221,0.991056910569106,0.950487329434698
primary__sequential_splt__cnn1d__train_inner,combined,outer,11,Unspecified,5680,0.973091036169841,0.980457746478873,0.97676050162238
primary__sequential_splt__cnn1d__train_inner,combined,outer,12,VoIP,1569,0.689795918367347,0.969407265774379,0.8060413354531
primary__sequential_splt__cnn1d__train_inner,combined,outer,13,Web,110690,0.992393113369879,0.953491733670612,0.972553572827254
primary__sequential_splt__cnn1d__train_outer,combined,inner,0,Chat,3985,0.82529335071708,0.953074027603513,0.884592989402585
primary__sequential_splt__cnn1d__train_outer,combined,inner,1,Cloud,5778,0.920640104506858,0.975770162686051,0.947403797681062
primary__sequential_splt__cnn1d__train_outer,combined,inner,2,Collaborative,6632,0.55870122976201,0.952201447527141,0.704209645943686
primary__sequential_splt__cnn1d__train_outer,combined,inner,3,ConnCheck,281,0.932384341637011,0.932384341637011,0.932384341637011
primary__sequential_splt__cnn1d__train_outer,combined,inner,4,Database,327,0.858310626702997,0.963302752293578,0.907780979827089
primary__sequential_splt__cnn1d__train_outer,combined,inner,5,Download,651,0.634903640256959,0.910906298003072,0.748264984227129
primary__sequential_splt__cnn1d__train_outer,combined,inner,6,Email,391,0.79002079002079,0.971867007672634,0.871559633027523
primary__sequential_splt__cnn1d__train_outer,combined,inner,7,Network,84447,0.999380841816991,0.993913342096226,0.996639593426427
primary__sequential_splt__cnn1d__train_outer,combined,inner,8,SocialNetwork,3883,0.984540066993043,0.984032964202936,0.984286450283359
primary__sequential_splt__cnn1d__train_outer,combined,inner,9,SoftwareUpdate,737,0.828537170263789,0.937584803256445,0.879694462126034
primary__sequential_splt__cnn1d__train_outer,combined,inner,10,System,1230,0.942084942084942,0.991869918699187,0.966336633663366
primary__sequential_splt__cnn1d__train_outer,combined,inner,11,Unspecified,5680,0.980052956751986,0.977464788732394,0.978757161745262
primary__sequential_splt__cnn1d__train_outer,combined,inner,12,VoIP,1569,0.816612729234088,0.964945825366475,0.884604148407829
primary__sequential_splt__cnn1d__train_outer,combined,inner,13,Web,110690,0.994373059469787,0.94033788056735,0.966600886866482
primary__sequential_splt__cnn1d__train_outer,combined,outer,0,Chat,3985,0.826973113616652,0.957089084065245,0.887286262649762
primary__sequential_splt__cnn1d__train_outer,combined,outer,1,Cloud,5778,0.907829692234093,0.985289027345102,0.944974686695991
primary__sequential_splt__cnn1d__train_outer,combined,outer,2,Collaborative,6632,0.616237623762376,0.938480096501809,0.743963662443223
primary__sequential_splt__cnn1d__train_outer,combined,outer,3,ConnCheck,281,0.9,0.96085409252669,0.929432013769363
primary__sequential_splt__cnn1d__train_outer,combined,outer,4,Database,327,0.915697674418605,0.963302752293578,0.938897168405365
primary__sequential_splt__cnn1d__train_outer,combined,outer,5,Download,651,0.642391304347826,0.907834101382488,0.752387014640357
primary__sequential_splt__cnn1d__train_outer,combined,outer,6,Email,391,0.79874213836478,0.974424552429668,0.877880184331797
primary__sequential_splt__cnn1d__train_outer,combined,outer,7,Network,84447,0.999381018700377,0.994197544021694,0.996782542622406
primary__sequential_splt__cnn1d__train_outer,combined,outer,8,SocialNetwork,3883,0.979278587874137,0.985835694050991,0.982546201232033
primary__sequential_splt__cnn1d__train_outer,combined,outer,9,SoftwareUpdate,737,0.829736211031175,0.938941655359566,0.880967536600891
primary__sequential_splt__cnn1d__train_outer,combined,outer,10,System,1230,0.915915915915916,0.991869918699187,0.952380952380952
primary__sequential_splt__cnn1d__train_outer,combined,outer,11,Unspecified,5680,0.978172856891392,0.978345070422535,0.97825895607781
primary__sequential_splt__cnn1d__train_outer,combined,outer,12,VoIP,1569,0.804129168872419,0.968132568514978,0.878542510121457
primary__sequential_splt__cnn1d__train_outer,combined,outer,13,Web,110690,0.994233118377319,0.948540970277351,0.970849726990702
primary__sequential_splt__lstm__train_inner,combined,inner,0,Chat,3985,0.79385693671408,0.966373902132999,0.871661385242191
primary__sequential_splt__lstm__train_inner,combined,inner,1,Cloud,5778,0.894720301697046,0.98546209761163,0.937901498929336
primary__sequential_splt__lstm__train_inner,combined,inner,2,Collaborative,6632,0.599090133636622,0.95310615199035,0.735727172205086
primary__sequential_splt__lstm__train_inner,combined,inner,3,ConnCheck,281,0.906354515050167,0.9644128113879,0.93448275862069
primary__sequential_splt__lstm__train_inner,combined,inner,4,Database,327,0.869806094182826,0.960244648318043,0.912790697674419
primary__sequential_splt__lstm__train_inner,combined,inner,5,Download,651,0.769736842105263,0.898617511520737,0.829199149539334
primary__sequential_splt__lstm__train_inner,combined,inner,6,Email,391,0.824945295404814,0.964194373401535,0.889150943396226
primary__sequential_splt__lstm__train_inner,combined,inner,7,Network,84447,0.999285186685411,0.993262046017028,0.996264512872287
primary__sequential_splt__lstm__train_inner,combined,inner,8,SocialNetwork,3883,0.972137791286728,0.988411022405357,0.980206870131529
primary__sequential_splt__lstm__train_inner,combined,inner,9,SoftwareUpdate,737,0.829181494661922,0.948439620081411,0.884810126582279
primary__sequential_splt__lstm__train_inner,combined,inner,10,System,1230,0.94104134762634,0.999186991869919,0.969242902208202
primary__sequential_splt__lstm__train_inner,combined,inner,11,Unspecified,5680,0.967574128663083,0.982394366197183,0.974927928714947
primary__sequential_splt__lstm__train_inner,combined,inner,12,VoIP,1569,0.780040733197556,0.976418100701083,0.867251627512029
primary__sequential_splt__lstm__train_inner,combined,inner,13,Web,110690,0.995718590281486,0.94338241936941,0.968844230430224
primary__sequential_splt__lstm__train_inner,combined,outer,0,Chat,3985,0.726910677033947,0.961856963613551,0.828040613523439
primary__sequential_splt__lstm__train_inner,combined,outer,1,Cloud,5778,0.902590179564596,0.983039113880235,0.941098500538481
primary__sequential_splt__lstm__train_inner,combined,outer,2,Collaborative,6632,0.696603339090386,0.912243667068758,0.789971926617484
primary__sequential_splt__lstm__train_inner,combined,outer,3,ConnCheck,281,0.317273795534665,0.96085409252669,0.477031802120141
primary__sequential_splt__lstm__train_inner,combined,outer,4,Database,327,0.91812865497076,0.960244648318043,0.938714499252616
primary__sequential_splt__lstm__train_inner,combined,outer,5,Download,651,0.804147465437788,0.536098310291859,0.64331797235023
primary__sequential_splt__lstm__train_inner,combined,outer,6,Email,391,0.498659517426273,0.951406649616368,0.654353562005277
primary__sequential_splt__lstm__train_inner,combined,outer,7,Network,84447,0.998982291878689,0.988027993889659,0.993474947609068
primary__sequential_splt__lstm__train_inner,combined,outer,8,SocialNetwork,3883,0.94208969935929,0.984548029873809,0.962851026319103
primary__sequential_splt__lstm__train_inner,combined,outer,9,SoftwareUpdate,737,0.916949152542373,0.734056987788331,0.815373021853806
primary__sequential_splt__lstm__train_inner,combined,outer,10,System,1230,0.901026392961877,0.999186991869919,0.94757131842714
primary__sequential_splt__lstm__train_inner,combined,outer,11,Unspecified,5680,0.966221098265896,0.941725352112676,0.953815977175464
primary__sequential_splt__lstm__train_inner,combined,outer,12,VoIP,1569,0.635946622185154,0.97195666029318,0.768842954373582
primary__sequential_splt__lstm__train_inner,combined,outer,13,Web,110690,0.992946605141727,0.952579275453971,0.972344153448912
primary__sequential_splt__lstm__train_outer,combined,inner,0,Chat,3985,0.784273782847831,0.966122961104141,0.865752192489319
primary__sequential_splt__lstm__train_outer,combined,inner,1,Cloud,5778,0.898059018462995,0.984942886812046,0.939496491952125
primary__sequential_splt__lstm__train_outer,combined,inner,2,Collaborative,6632,0.600305401794236,0.948431845597105,0.735242548217417
primary__sequential_splt__lstm__train_outer,combined,inner,3,ConnCheck,281,0.936170212765957,0.939501779359431,0.937833037300178
primary__sequential_splt__lstm__train_outer,combined,inner,4,Database,327,0.85558583106267,0.960244648318043,0.904899135446686
primary__sequential_splt__lstm__train_outer,combined,inner,5,Download,651,0.652030735455543,0.912442396313364,0.76056338028169
primary__sequential_splt__lstm__train_outer,combined,inner,6,Email,391,0.779166666666667,0.956521739130435,0.858783008036739
primary__sequential_splt__lstm__train_outer,combined,inner,7,Network,84447,0.999380598437202,0.993522564448707,0.996442971751614
primary__sequential_splt__lstm__train_outer,combined,inner,8,SocialNetwork,3883,0.968386444107233,0.986093226886428,0.977159627408447
primary__sequential_splt__lstm__train_outer,combined,inner,9,SoftwareUpdate,737,0.842995169082126,0.94708276797829,0.892012779552716
primary__sequential_splt__lstm__train_outer,combined,inner,10,System,1230,0.940275650842266,0.998373983739837,0.968454258675079
primary__sequential_splt__lstm__train_outer,combined,inner,11,Unspecified,5680,0.965756996349731,0.978169014084507,0.97192337969037
primary__sequential_splt__lstm__train_outer,combined,inner,12,VoIP,1569,0.776927003573252,0.970044614404079,0.86281179138322
primary__sequential_splt__lstm__train_outer,combined,inner,13,Web,110690,0.995456497876199,0.942171831240401,0.96808150193776
primary__sequential_splt__lstm__train_outer,combined,outer,0,Chat,3985,0.784533768618649,0.964868255959849,0.865406257033536
primary__sequential_splt__lstm__train_outer,combined,outer,1,Cloud,5778,0.895224630851398,0.986327448944271,0.938570487483531
primary__sequential_splt__lstm__train_outer,combined,outer,2,Collaborative,6632,0.610405968413913,0.949939686369119,0.743231286497965
primary__sequential_splt__lstm__train_outer,combined,outer,3,ConnCheck,281,0.847826086956522,0.97153024911032,0.90547263681592
primary__sequential_splt__lstm__train_outer,combined,outer,4,Database,327,0.920821114369501,0.960244648318043,0.940119760479042
primary__sequential_splt__lstm__train_outer,combined,outer,5,Download,651,0.739949748743719,0.904761904761905,0.814098134070491
primary__sequential_splt__lstm__train_outer,combined,outer,6,Email,391,0.786163522012579,0.959079283887468,0.86405529953917
primary__sequential_splt__lstm__train_outer,combined,outer,7,Network,84447,0.999225600457491,0.993179153788767,0.996193202401668
primary__sequential_splt__lstm__train_outer,combined,outer,8,SocialNetwork,3883,0.972835745112973,0.986865825392738,0.979800562515981
primary__sequential_splt__lstm__train_outer,combined,outer,9,SoftwareUpdate,737,0.849148418491484,0.94708276797829,0.895445798588839
primary__sequential_splt__lstm__train_outer,combined,outer,10,System,1230,0.930197268588771,0.996747967479675,0.962323390894819
primary__sequential_splt__lstm__train_outer,combined,outer,11,Unspecified,5680,0.968005564249696,0.980105633802817,0.974018021170501
primary__sequential_splt__lstm__train_outer,combined,outer,12,VoIP,1569,0.772081218274112,0.969407265774379,0.859564848827352
primary__sequential_splt__lstm__train_outer,combined,outer,13,Web,110690,0.995477095057179,0.944493630860963,0.969315426658817
primary__sequential_splt__transformer__train_inner,combined,inner,0,Chat,3985,0.701176903273262,0.956838143036386,0.809296402419612
primary__sequential_splt__transformer__train_inner,combined,inner,1,Cloud,5778,0.863615420058363,0.973174108688127,0.9151273496623
primary__sequential_splt__transformer__train_inner,combined,inner,2,Collaborative,6632,0.484506384303955,0.938329312424608,0.63904292462518
primary__sequential_splt__transformer__train_inner,combined,inner,3,ConnCheck,281,0.731382978723404,0.97864768683274,0.837138508371385
primary__sequential_splt__transformer__train_inner,combined,inner,4,Database,327,0.871866295264624,0.957186544342508,0.912536443148688
primary__sequential_splt__transformer__train_inner,combined,inner,5,Download,651,0.580676328502415,0.923195084485407,0.712930011862396
primary__sequential_splt__transformer__train_inner,combined,inner,6,Email,391,0.829977628635347,0.948849104859335,0.885441527446301
primary__sequential_splt__transformer__train_inner,combined,inner,7,Network,84447,0.999461683852908,0.989366111288737,0.994388274290203
primary__sequential_splt__transformer__train_inner,combined,inner,8,SocialNetwork,3883,0.923021060275962,0.981972701519444,0.951584726728226
primary__sequential_splt__transformer__train_inner,combined,inner,9,SoftwareUpdate,737,0.620052770448549,0.956580732700136,0.752401280683031
primary__sequential_splt__transformer__train_inner,combined,inner,10,System,1230,0.925226586102719,0.995934959349594,0.959279561472201
primary__sequential_splt__transformer__train_inner,combined,inner,11,Unspecified,5680,0.960261482883193,0.982746478873239,0.971373879752893
primary__sequential_splt__transformer__train_inner,combined,inner,12,VoIP,1569,0.602442868400315,0.974506054811982,0.744582420258096
primary__sequential_splt__transformer__train_inner,combined,inner,13,Web,110690,0.995036432584827,0.905537988978227,0.948179960647798
primary__sequential_splt__transformer__train_inner,combined,outer,0,Chat,3985,0.756638093246916,0.908155583437892,0.825501824817518
primary__sequential_splt__transformer__train_inner,combined,outer,1,Cloud,5778,0.824282560706402,0.969366562824507,0.890956812216655
primary__sequential_splt__transformer__train_inner,combined,outer,2,Collaborative,6632,0.652538314176245,0.821773220747889,0.727442605445809
primary__sequential_splt__transformer__train_inner,combined,outer,3,ConnCheck,281,0.473591549295775,0.95729537366548,0.633686690223793
primary__sequential_splt__transformer__train_inner,combined,outer,4,Database,327,0.920588235294118,0.957186544342508,0.938530734632684
primary__sequential_splt__transformer__train_inner,combined,outer,5,Download,651,0.664206642066421,0.829493087557604,0.737704918032787
primary__sequential_splt__transformer__train_inner,combined,outer,6,Email,391,0.601317957166392,0.933503836317136,0.731462925851703
primary__sequential_splt__transformer__train_inner,combined,outer,7,Network,84447,0.99921712214099,0.982415005861665,0.990744832033629
primary__sequential_splt__transformer__train_inner,combined,outer,8,SocialNetwork,3883,0.882901796127828,0.974761782127221,0.9265605875153
primary__sequential_splt__transformer__train_inner,combined,outer,9,SoftwareUpdate,737,0.756521739130435,0.826322930800543,0.78988326848249
primary__sequential_splt__transformer__train_inner,combined,outer,10,System,1230,0.810185185185185,0.995934959349594,0.893508388037929
primary__sequential_splt__transformer__train_inner,combined,outer,11,Unspecified,5680,0.939972241498959,0.95387323943662,0.946871723173715
primary__sequential_splt__transformer__train_inner,combined,outer,12,VoIP,1569,0.439814814814815,0.968769917144678,0.604975124378109
primary__sequential_splt__transformer__train_inner,combined,outer,13,Web,110690,0.987363556840224,0.93814256030355,0.962123949560367
primary__sequential_splt__transformer__train_outer,combined,inner,0,Chat,3985,0.651037127418511,0.937264742785445,0.768360419666735
primary__sequential_splt__transformer__train_outer,combined,inner,1,Cloud,5778,0.868575974542562,0.944790584977501,0.90508165464644
primary__sequential_splt__transformer__train_outer,combined,inner,2,Collaborative,6632,0.396442265384374,0.95099517490953,0.559602502107271
primary__sequential_splt__transformer__train_outer,combined,inner,3,ConnCheck,281,0.862542955326461,0.893238434163701,0.877622377622378
primary__sequential_splt__transformer__train_outer,combined,inner,4,Database,327,0.39620253164557,0.957186544342508,0.560429722470904
primary__sequential_splt__transformer__train_outer,combined,inner,5,Download,651,0.383354350567465,0.93394777265745,0.54358515869468
primary__sequential_splt__transformer__train_outer,combined,inner,6,Email,391,0.653169014084507,0.948849104859335,0.773722627737226
primary__sequential_splt__transformer__train_outer,combined,inner,7,Network,84447,0.999507347728392,0.985020190178455,0.992210890439554
primary__sequential_splt__transformer__train_outer,combined,inner,8,SocialNetwork,3883,0.945018915510719,0.964975534380634,0.954892966360856
primary__sequential_splt__transformer__train_outer,combined,inner,9,SoftwareUpdate,737,0.482710926694329,0.94708276797829,0.63948694457169
primary__sequential_splt__transformer__train_outer,combined,inner,10,System,1230,0.932267884322679,0.995934959349594,0.963050314465409
primary__sequential_splt__transformer__train_outer,combined,inner,11,Unspecified,5680,0.966367318189822,0.966197183098592,0.966282243155207
primary__sequential_splt__transformer__train_outer,combined,inner,12,VoIP,1569,0.614604462474645,0.965583173996176,0.751115518096182
primary__sequential_splt__transformer__train_outer,combined,inner,13,Web,110690,0.995671129525989,0.872734664377993,0.93015843977026
primary__sequential_splt__transformer__train_outer,combined,outer,0,Chat,3985,0.731764248200739,0.944040150564617,0.824457593688363
primary__sequential_splt__transformer__train_outer,combined,outer,1,Cloud,5778,0.860732342576988,0.972308757355486,0.913124746038196
primary__sequential_splt__transformer__train_outer,combined,outer,2,Collaborative,6632,0.511015046969823,0.926869722557298,0.658807137881143
primary__sequential_splt__transformer__train_outer,combined,outer,3,ConnCheck,281,0.752066115702479,0.97153024911032,0.847826086956522
primary__sequential_splt__transformer__train_outer,combined,outer,4,Database,327,0.937125748502994,0.957186544342508,0.947049924357035
primary__sequential_splt__transformer__train_outer,combined,outer,5,Download,651,0.558333333333333,0.926267281105991,0.696707105719237
primary__sequential_splt__transformer__train_outer,combined,outer,6,Email,391,0.65669014084507,0.953964194373402,0.777893639207508
primary__sequential_splt__transformer__train_outer,combined,outer,7,Network,84447,0.999376887312467,0.987601691001457,0.993454398179858
primary__sequential_splt__transformer__train_outer,combined,outer,8,SocialNetwork,3883,0.900849858356941,0.982745300025753,0.940017243502894
primary__sequential_splt__transformer__train_outer,combined,outer,9,SoftwareUpdate,737,0.64811320754717,0.932157394843962,0.764607679465776
primary__sequential_splt__transformer__train_outer,combined,outer,10,System,1230,0.874375446109921,0.995934959349594,0.931204865070316
primary__sequential_splt__transformer__train_outer,combined,outer,11,Unspecified,5680,0.954951856946355,0.977816901408451,0.96624913013222
primary__sequential_splt__transformer__train_outer,combined,outer,12,VoIP,1569,0.556081573197378,0.973231357552581,0.707763615295481
primary__sequential_splt__transformer__train_outer,combined,outer,13,Web,110690,0.994277440706012,0.911979401933327,0.951351911713427
